d1,d2,count
Lamivudine,Rifapentine,7
Hydrochlorothiazide,Nitrendipine,6
Lamivudine,Cobicistat,6
Lamivudine,Eucalyptol,6
Ceftriaxone,Ceftazidime,6
Ethinyl,Estradiol,6
Lamivudine,Delavirdine,6
Lamivudine,Indinavir,6
Cyclophosphamide,Idarubicin,6
Lamivudine,Darunavir,5
Hydrochlorothiazide,Lercanidipine,5
Hydrochlorothiazide,Brimonidine,5
Hydrochlorothiazide,Methyclothiazide,5
Lamivudine,Telaprevir,5
Pseudoephedrine,Cyclopentolate,5
Pseudoephedrine,Famotidine,5
Cyclophosphamide,Floxuridine,5
Cyclophosphamide,Azacitidine,5
Hydrochlorothiazide,Nebivolol,5
Hydrochlorothiazide,Atenolol,5
Hydrochlorothiazide,Pravastatin,5
Cyclophosphamide,Procarbazine,5
Lamivudine,Oseltamivir,5
Hydrochlorothiazide,Felodipine,5
Cyclophosphamide,Ifosfamide,5
Hydrochlorothiazide,Streptomycin,5
Hydrochlorothiazide,Diltiazem,4
Hydrochlorothiazide,Nateglinide,4
Cyclophosphamide,Sorafenib,4
Hydrochlorothiazide,Simvastatin,4
Ethinyl,Leuprolide,4
Hydrochlorothiazide,Perindopril,4
Hydrochlorothiazide,Trichlormethiazide,4
Lamivudine,Pitavastatin,4
Ethinyl,Mestranol,4
Hydrochlorothiazide,Etodolac,4
Cyclophosphamide,Mercaptopurine,4
Lamivudine,Clofazimine,4
Pseudoephedrine,Cimetidine,4
Hydrochlorothiazide,Ramipril,4
Hydrochlorothiazide,Betaxolol,4
Lamivudine,Bedaquiline,4
Metformin,Vildagliptin,3
Pseudoephedrine,Tropicamide,3
Hydrochlorothiazide,Dexmedetomidine,3
Pseudoephedrine,Telcagepant,3
Ceftriaxone,Nafcillin,3
Cyclophosphamide,Erlotinib,3
Prednisone,Prednisolone,3
Cisplatin,Fotemustine,3
Lamivudine,Rilpivirine,3
Hydrochlorothiazide,Phentolamine,3
Pseudoephedrine,Diclofenac,3
Hydrochlorothiazide,Papaverine,3
Hydrochlorothiazide,Alprostadil,3
Hydrochlorothiazide,Diazoxide,3
Hydrochlorothiazide,Chlorothiazide,3
Ceftriaxone,Ampicillin,3
Cetirizine,Desloratadine,3
Hydrochlorothiazide,Bimatoprost,3
Cyclophosphamide,Vorinostat,3
Lamivudine,Rifabutin,3
Prednisone,Albendazole,3
Fluoxetine,Donepezil,3
Hydrochlorothiazide,Hydroflumethiazide,3
Hydrochlorothiazide,Chlorthalidone,3
Hydrochlorothiazide,Quinethazone,3
Hydrochlorothiazide,Latanoprost,3
Acetaminophen,Ketorolac,3
Cyclophosphamide,Cabazitaxel,3
Hydrochlorothiazide,Fimasartan,3
Cyclophosphamide,Palifermin,3
Metformin,Ethacrynic,3
Hydrochlorothiazide,Nitroprusside,3
Cyclophosphamide,Anastrozole,3
Hydrochlorothiazide,Atovaquone,3
Pseudoephedrine,Theophylline,3
Hydrochlorothiazide,Niacin,3
Lamivudine,Tipranavir,3
Lamivudine,Linezolid,3
Elvitegravir,Tipranavir,3
Cyclophosphamide,Sunitinib,3
Artesunate,Piperaquine,2
Hydrochlorothiazide,Azelnidipine,2
Isotretinoin,Trimidox,2
Prednisone,Tirofiban,2
Amoxicillin,Probenecid,2
Pseudoephedrine,Metoclopramide,2
Methotrexate,Basiliximab,2
Cyclophosphamide,Leflunomide,2
Pseudoephedrine,Promethazine,2
Hydrochlorothiazide,Fingolimod,2
Hydrochlorothiazide,Polythiazide,2
Docetaxel,Trimetrexate,2
Docetaxel,Raloxifene,2
Docetaxel,Tipifarnib,2
Cyclophosphamide,Bleomycin,2
Fludarabine,Mycophenolate,2
Elvitegravir,Lopinavir,2
Elvitegravir,Abacavir,2
Elvitegravir,Isoniazid,2
Cisplatin,Canfosfamide,2
Elvitegravir,Stavudine,2
Docetaxel,Uracil,2
Elvitegravir,Carbamazepine,2
Isotretinoin,L744832,2
Hydrochlorothiazide,Nifedipine,2
Isotretinoin,U0126,2
Lamivudine,Brentuximab,2
Docetaxel,Floxuridine,2
Fludarabine,Vincristine,2
Fludarabine,Rabeprazole,2
Fludarabine,Ifosfamide,2
Cisplatin,Leucovorin,2
Hydrochlorothiazide,Deferasirox,2
Hydrochlorothiazide,Arformoterol,2
Fludarabine,Idarubicin,2
Hydrochlorothiazide,Tiotropium,2
Fludarabine,Prednisolone,2
Metformin,Voglibose,2
Hydrochlorothiazide,Brinzolamide,2
Ziprasidone,Fluoxetine,2
Hydrochlorothiazide,Salmeterol,2
Ziprasidone,Phenytoin,2
Entecavir,Oseltamivir,2
Hydrochlorothiazide,Pargyline,2
Hydrochlorothiazide,Conivaptan,2
Fludarabine,Enbrel,2
Cisplatin,Pegfilgrastim,2
Docetaxel,Peginterferon,2
Aspirin,Ergotamine,2
Cyclophosphamide,Irinotecan,2
Cyclophosphamide,Vinorelbine,2
Cyclophosphamide,Gefitinib,2
Pseudoephedrine,Phenylpropanolamine,2
Reserpine,Pargyline,2
Ticarcillin,Sodium,2
Cyclophosphamide,Tretinoin,2
Cyclophosphamide,Temozolomide,2
Pseudoephedrine,Ergotamine,2
Ranitidine,Conivaptan,2
Aspirin,Montelukast,2
Cyclophosphamide,Dasatinib,2
Cyclophosphamide,Genistein,2
Fludarabine,Thalidomide,2
Hydrochlorothiazide,Deferoxamine,2
Ceftriaxone,Tigecycline,2
Hydrochlorothiazide,Atorvastatin,2
Lamivudine,Ketoconazole,2
Indapamide,Bimatoprost,2
Acetaminophen,Pregabalin,2
Cefepime,Diazepam,2
Pseudoephedrine,Mifepristone,2
Acetaminophen,Naloxone,2
Pseudoephedrine,Aminophylline,2
Pseudoephedrine,Misoprostol,2
Epinephrine,Clonidine,2
Lamivudine,Moxifloxacin,2
Lamivudine,PA-824,2
Methotrexate,Calcipotriol,2
Methotrexate,Rebamipide,2
Fluoxetine,Riluzole,2
Aspirin,Indomethacin,2
Prednisone,Triamcinolone,2
Indapamide,Atorvastatin,2
Indapamide,Chlorothiazide,2
Atovaquone,Laropiprant,2
Indapamide,Amiloride,2
Cisplatin,Tipifarnib,2
Mesna,AEE788,2
Elvitegravir,Solifenacin,2
Indapamide,Methyclothiazide,2
Indapamide,Hydroflumethiazide,2
Elvitegravir,Darunavir,2
Indapamide,Fosinopril,2
Indapamide,Quinapril,2
Elvitegravir,Telaprevir,2
Elvitegravir,Dutasteride,2
Elvitegravir,Tamsulosin,2
Indapamide,Ezetimibe,2
Elvitegravir,Benzathine,2
Indapamide,Paricalcitol,2
Lamivudine,Daptomycin,2
Docetaxel,Tegafur,2
Hydrochlorothiazide,Nimodipine,2
Lamivudine,Beta-lapachone,2
Hydrochlorothiazide,Interferon,2
Cyclophosphamide,Abiraterone,2
Ticarcillin,Bismuth,2
Epinephrine,ST-91,2
Cyclophosphamide,Defibrotide,2
Lamivudine,Colchicine,2
Cyclophosphamide,Pegfilgrastim,2
Lamivudine,Fusidic,2
Hydrochlorothiazide,Fenofibrate,2
Cyclophosphamide,Isotretinoin,2
Cyclophosphamide,Mitoxantrone,2
Lamivudine,Sitagliptin,2
Acetaminophen,Rilonacept,2
Hydrochlorothiazide,Alagebrium,2
Hydrochlorothiazide,Tadalafil,2
Hydrochlorothiazide,Carvedilol,2
Hydrochlorothiazide,Solifenacin,2
Amoxicillin,Ceftaroline,2
Dexamethasone,Irinotecan,2
Hydrochlorothiazide,Sulfalene,2
Cyclophosphamide,Trimidox,2
Lamivudine,Ribavirin,2
Dexamethasone,Ixabepilone,2
Lamivudine,Sulfamethoxazole,2
Dexamethasone,Busulfan,2
Lamivudine,Nitazoxanide,2
Lamivudine,Nitrofurantoin,2
Pseudoephedrine,Oxymorphone,2
Pseudoephedrine,Levonordefrin,2
Pseudoephedrine,Hydromorphone,2
Pseudoephedrine,Sumatriptan,2
Prednisone,Pimecrolimus,2
Hydrochlorothiazide,Rosuvastatin,2
Pseudoephedrine,Naloxone,2
Dexamethasone,Gemcitabine,2
Hydrochlorothiazide,Ibandronate,2
Epinephrine,CP55940,2
Cyclophosphamide,Hydroquinone,2
Acetaminophen,Hydromorphone,2
Lamivudine,Dacarbazine,2
Acetaminophen,Indomethacin,2
Cyclophosphamide,Arsenic,2
Dexamethasone,Fludarabine,2
Pseudoephedrine,Methamphetamine,2
Lamivudine,Temozolomide,2
Ethinyl,Lubiprostone,2
Cyclophosphamide,Sulfasalazine,2
Cyclophosphamide,Trabectedin,2
Ethinyl,Follitropin,2
Cyclophosphamide,Letrozole,2
Paclitaxel,Flavopiridol,1
Ethinyl,Ethanol,1
Cisplatin,Vandetanib,1
Pseudoephedrine,Tanezumab,1
Pseudoephedrine,Lithium,1
Pseudoephedrine,Oxytocin,1
Pseudoephedrine,Riluzole,1
Mefloquine,Ivermectin,1
Tipranavir,Brentuximab,1
Cisplatin,Toremifene,1
Hydrochlorothiazide,Terlipressin,1
Methotrexate,Eptifibatide,1
Acetaminophen,Gabapentin,1
Ceftriaxone,Colistin,1
Cisplatin,Dacarbazine,1
Paclitaxel,Gefitinib,1
Dexamethasone,Pitavastatin,1
Paclitaxel,Irinotecan,1
Paclitaxel,Erlotinib,1
Paclitaxel,Pemetrexed,1
Paclitaxel,Octreotide,1
Pseudoephedrine,Pregabalin,1
Tipranavir,Beta-lapachone,1
Ethinyl,2-Propanol,1
Hydrochlorothiazide,Ezetimibe,1
Paclitaxel,Midodrine,1
Methotrexate,Palonosetron,1
Methotrexate,Flurandrenolide,1
Paclitaxel,Anastrozole,1
Paclitaxel,Ganitumab,1
Paclitaxel,Teprotumumab,1
Acetaminophen,Naltrexone,1
Lamivudine,Levonorgestrel,1
Cisplatin,Mitomycin,1
Cisplatin,Axitinib,1
Acetaminophen,Mepivacaine,1
Acetaminophen,Ketamine,1
Cisplatin,Tamoxifen,1
Ceftriaxone,Azithromycin,1
Ceftriaxone,Ciprofloxacin,1
Metformin,Lubiprostone,1
Cisplatin,Fulvestrant,1
Acetaminophen,Diazepam,1
Cisplatin,Sorafenib,1
Hydrochlorothiazide,Furosemide,1
Cisplatin,Chlorambucil,1
Mefloquine,Mebendazole,1
Cisplatin,Pertuzumab,1
Hydrochlorothiazide,Tamsulosin,1
Hydrochlorothiazide,Verapamil,1
Cisplatin,Azacitidine,1
Hydrochlorothiazide,Trandolapril,1
Cisplatin,Anastrozole,1
Paclitaxel,Cetrorelix,1
Cisplatin,Letrozole,1
Tipranavir,Didanosine,1
Tipranavir,Ethambutol,1
Pseudoephedrine,Aciclovir,1
Paclitaxel,Depsipeptide,1
Miconazole,Bacitracin,1
Paclitaxel,Sunitinib,1
Belatacept,Infliximab,1
Artesunate,Dihydroartemisinin,1
Nitazoxanide,Simeprevir,1
Ofatumumab,Melphalan,1
Ofatumumab,Panobinostat,1
Ergotamine,Butalbital,1
Ergotamine,Dihydrocodeine,1
Ergotamine,Pentazocine,1
Ergotamine,Indomethacin,1
Belatacept,3-BROP,1
Tamsulosin,Trospium,1
Ethinyl,Misoprostol,1
Pseudoephedrine,Propoxyphene,1
Axitinib,Trientine,1
Belatacept,CI-1040,1
Dexamethasone,Clofarabine,1
17-DMAG,Tretinoin,1
Paclitaxel,Vinorelbine,1
Tipranavir,Pitavastatin,1
Ethinyl,Ipratropium,1
Lamivudine,Goserelin,1
17-DMAG,Mercaptopurine,1
Nitrofurantoin,Gemifloxacin,1
Tipranavir,Fluconazole,1
Tipranavir,Darunavir,1
Tipranavir,Maraviroc,1
Dexamethasone,Epirubicin,1
Ethinyl,Alendronate,1
Axitinib,Lomustine,1
Isopropyl,Dihydroergotamine,1
Tipranavir,Telaprevir,1
Tipranavir,Abacavir,1
Paclitaxel,Tipifarnib,1
Tipranavir,Rifampin,1
Ceftriaxone,Nystatin,1
Pseudoephedrine,Lomefloxacin,1
Ethinyl,Triclosan,1
Pseudoephedrine,Ranitidine,1
Methotrexate,Clindamycin,1
Methotrexate,Betamethasone,1
Pseudoephedrine,Buprenorphine,1
Hydrochlorothiazide,Prostaglandin,1
Ethinyl,Calcipotriol,1
Hydrochlorothiazide,Bexarotene,1
Hydrochlorothiazide,Rivastigmine,1
Carfilzomib,Anakinra,1
Hydrochlorothiazide,Methoxsalen,1
Cisplatin,Hydroxyurea,1
Paclitaxel,Letrozole,1
Lamivudine,Progestrone,1
Cisplatin,Asparaginase,1
Acetaminophen,Buprenorphine,1
Amoxicillin,Trimethoprim,1
Amoxicillin,Erythromycin,1
Methotrexate,Azathioprine,1
Dexamethasone,Vorinostat,1
Amoxicillin,Sulfisoxazole,1
Cefepime,Aztreonam,1
Isopropyl,Nitroglycerin,1
Lamivudine,Doxycycline,1
Cetirizine,Hydrocodone,1
Acetaminophen,Heroin,1
Isotretinoin,Imatinib,1
Metformin,Citalopram,1
Metformin,Riluzole,1
Metformin,Lithium,1
Mesna,Dexamethasone,1
Mesna,Vitamin,1
Isotretinoin,Arsenic,1
Artesunate,"1,2,4-trioxolane",1
Vancomycin,Fluorometholone,1
Ethinyl,Miltefosine,1
Artesunate,Ivermectin,1
Metformin,Ziprasidone,1
Isotretinoin,Ipilimumab,1
Dihydroartemisinin,Chloroquine,1
Ribavirin,Acamprosate,1
Elvitegravir,Ketoconazole,1
Metformin,Aripiprazole,1
Elvitegravir,Topiramate,1
Cetirizine,Acrivastine,1
Cefepime,Tazobactam,1
Cefepime,Piperacillin,1
Cetirizine,Clemastine,1
Cefepime,Esomeprazole,1
Cefepime,Amikacin,1
Cefepime,Dipropofol,1
Cefepime,Colistin,1
Epinephrine,Diazepam,1
Cefepime,Docosahexaenoic,1
Prednisone,Mizoribine,1
Cefepime,GW6471,1
Cefepime,Clioquinol,1
Metformin,Dornase,1
Metformin,Chlordiazepoxide,1
Cefepime,Mebendazole,1
Isotretinoin,Romiplostim,1
Ethinyl,Sodium,1
Hydrochlorothiazide,Torcetrapib,1
Ethinyl,Paromomycin,1
Lidocaine,Gatifloxacin,1
Amoxicillin,Aztreonam,1
Ethinyl,Naphthoquine,1
Hydrochlorothiazide,Laropiprant,1
Ethinyl,Posaconazole,1
Ethinyl,Deferasirox,1
Isotretinoin,Fotemustine,1
U0126,Tazarotene,1
Lidocaine,Ciprofloxacin,1
Elvitegravir,Simeprevir,1
Fosaprepitant,Granisetron,1
Isotretinoin,SCH,1
Isotretinoin,Temsirolimus,1
Elvitegravir,Artemisinin,1
Elvitegravir,Lamivudine,1
Lidocaine,Trimethoprim,1
Elvitegravir,Amphotericin,1
Elvitegravir,Sevoflurane,1
Hydrochlorothiazide,Methyltestosterone,1
Hydrochlorothiazide,Meglumine,1
Hydrochlorothiazide,Alfacalcidol,1
Elvitegravir,Didanosine,1
Hydrochlorothiazide,Iloprost,1
Elvitegravir,Lamotrigine,1
Cisplatin,Rituximab,1
Elvitegravir,Oxcarbazepine,1
Metformin,Isophane,1
Atovaquone,Lovastatin,1
Cefepime,Propoxycaine,1
Hydrochlorothiazide,Drospirenone,1
Elvitegravir,Trospium,1
Elvitegravir,Lorazepam,1
Elvitegravir,Sodium,1
Elvitegravir,Paromomycin,1
Elvitegravir,Fusidic,1
Elvitegravir,Atazanavir,1
Elvitegravir,Rifabutin,1
Elvitegravir,Miltefosine,1
Elvitegravir,Naphthoquine,1
Elvitegravir,Ravuconazole,1
Elvitegravir,Pitavastatin,1
Cetirizine,Warfarin,1
Elvitegravir,Nelfinavir,1
Cetirizine,Homatropine,1
Cefepime,Droperidol,1
Paclitaxel,Trientine,1
Elvitegravir,Brivaracetam,1
Pseudoephedrine,Tramadol,1
Paclitaxel,Pazopanib,1
Mesna,Ferrous,1
Mesna,Ganitumab,1
Mesna,Pimecrolimus,1
Oxytocin,Ropivacaine,1
Oxytocin,Ketorolac,1
Mesna,Tocilizumab,1
Phenylbutyrate,Buprenorphine,1
Adefovir,Moclobemide,1
Adefovir,Telaprevir,1
Repaglinide,Spironolactone,1
Entecavir,Moclobemide,1
Ceftriaxone,Imipenem,1
Paclitaxel,Uracil,1
Elvitegravir,Midazolam,1
Cetirizine,Codeine,1
Atovaquone,Gemfibrozil,1
Epinephrine,Dexmedetomidine,1
Epinephrine,Endomorphin-1,1
Lamivudine,Solifenacin,1
Epinephrine,Ketamine,1
Pseudoephedrine,Warfarin,1
Pseudoephedrine,Esomeprazole,1
Pseudoephedrine,Homatropine,1
Paclitaxel,ABT-751,1
Cetirizine,Acetaminophen,1
Cetirizine,Ketoprofen,1
Paclitaxel,Fotemustine,1
Artesunate,Methylene,1
Atovaquone,Meprobamate,1
Atovaquone,Rosuvastatin,1
Paclitaxel,Phorbol,1
Paclitaxel,Axitinib,1
Paclitaxel,Trimetrexate,1
Atovaquone,Niacin,1
Pseudoephedrine,Butalbital,1
Cetirizine,Phenylephrine,1
Cetirizine,Triprolidine,1
Cetirizine,Cyclopentolate,1
Cetirizine,Azatadine,1
Cefepime,Floxacillin,1
Paclitaxel,Trifluridine,1
Pseudoephedrine,Oxycodone,1
Elvitegravir,Goserelin,1
Paclitaxel,Raloxifene,1
Paclitaxel,Romiplostim,1
Paclitaxel,Linifanib,1
Tipranavir,Rifapentine,1
Cisplatin,Trichostatin,1
Belatacept,Prednisolone,1
Sulfamethazine,Celecoxib,1
Sulfamerazine,Celecoxib,1
Sulfamethazine,Nadolol,1
Methamphetamine,Pyrilamine,1
Sulfamerazine,Bendroflumethiazide,1
Sulfamerazine,Hydroxyurea,1
Sulfamethazine,Aluminum,1
Sulfamerazine,Nadolol,1
Ziprasidone,Zonisamide,1
Fludarabine,Doxorubicin,1
Fludarabine,Carboplatin,1
Fludarabine,Pantoprazole,1
Fludarabine,Imatinib,1
Fludarabine,Sorafenib,1
Fludarabine,Capecitabine,1
Fludarabine,Azacitidine,1
Fludarabine,Daunorubicin,1
Fludarabine,Clofarabine,1
Sulfamethazine,Bendroflumethiazide,1
Sulfamethazine,Hydroxyurea,1
Fludarabine,Anastrozole,1
Sulfamethazine,Chenodeoxycholic,1
Elvitegravir,Ritonavir,1
Ergotamine,Cilostazol,1
Elvitegravir,Colchicine,1
Insulin,Liraglutide,1
Mesna,Ixabepilone,1
Mesna,Tirofiban,1
Amphetamine,1-propanol,1
Sulfamerazine,Chenodeoxycholic,1
Axitinib,Cycloserine,1
Axitinib,Epigallocatechin,1
Sulfamerazine,Aluminum,1
Sulfadiazine,Hydroxyurea,1
Sulfadiazine,Celecoxib,1
Sulfadiazine,Nitroprusside,1
Sulfadiazine,Aluminum,1
Sulfadiazine,Verteporfin,1
Sulfadiazine,Chenodeoxycholic,1
Fludarabine,Tretinoin,1
Fludarabine,Sulfacetamide,1
Elvitegravir,Delavirdine,1
Adefovir,Tenofovir,1
Adefovir,Ganciclovir,1
Captopril,Risedronate,1
Entecavir,Trandolapril,1
Entecavir,Tenofovir,1
Entecavir,Amphotericin,1
Entecavir,Anidulafungin,1
Entecavir,Saquinavir,1
Entecavir,Ganciclovir,1
Entecavir,Nevirapine,1
Entecavir,Didanosine,1
Prednisone,Fluorometholone,1
Prednisone,Sulfasalazine,1
Prednisone,Leflunomide,1
Cyclophosphamide,Trientine,1
Fluoxetine,Clobazam,1
Aspirin,Fexofenadine,1
Prednisone,Pantoprazole,1
Adefovir,Trandolapril,1
Adefovir,Posaconazole,1
Fludarabine,Albendazole,1
Adefovir,Ranitidine,1
Fludarabine,Epirubicin,1
Fludarabine,Methotrexate,1
Fludarabine,Altretamine,1
Fludarabine,Trientine,1
Captopril,Nimodipine,1
Fludarabine,Mitoxantrone,1
Adefovir,Deferasirox,1
Entecavir,Ranitidine,1
Entecavir,Posaconazole,1
Entecavir,Deferasirox,1
Entecavir,Darunavir,1
Entecavir,Boceprevir,1
Adefovir,Anidulafungin,1
Adefovir,Oseltamivir,1
Adefovir,Didanosine,1
Adefovir,Sildenafil,1
Entecavir,Alprostadil,1
Ergotamine,Ticagrelor,1
Elvitegravir,Peginterferon,1
Tipranavir,Nevirapine,1
Mesna,ABT-737,1
Mesna,Dasatinib,1
Elvitegravir,Bedaquiline,1
Mesna,Canfosfamide,1
Mesna,Paclitaxel,1
Ranitidine,Mannitol,1
Ergotamine,Orphenadrine,1
Mesna,Sabarubicin,1
Mesna,Cyclosporine,1
Mesna,Vincristine,1
Mesna,Cyclophosphamide,1
Mesna,Trabectedin,1
Mesna,Doxorubicin,1
Mesna,CI-1040,1
Elvitegravir,Rifapentine,1
Elvitegravir,Clobetasol,1
Mesna,Lonafarnib,1
Elvitegravir,Linezolid,1
Mesna,Oxaliplatin,1
Elvitegravir,PA-824,1
Mesna,Bendamustine,1
Mesna,Docetaxel,1
Riluzole,Aripiprazole,1
Riluzole,Zonisamide,1
Isotretinoin,Hydroquinone,1
Triprolidine,Cyclopentolate,1
Isotretinoin,Tretinoin,1
Isotretinoin,Adalimumab,1
Lisdexamfetamine,Oseltamivir,1
Triprolidine,Telcagepant,1
Triprolidine,Metoclopramide,1
Riluzole,Olanzapine,1
Isotretinoin,Idarubicin,1
Riluzole,Venlafaxine,1
Riluzole,Amantadine,1
Triprolidine,Pyrilamine,1
Teprotumumab,Anastrozole,1
Mesna,Obinutuzumab,1
Mesna,Lexatumumab,1
Mesna,Abiraterone,1
Mesna,Procainamide,1
Elvitegravir,Daptomycin,1
Alagebrium,Methyldopa,1
Ticarcillin,Esomeprazole,1
Ticarcillin,Tetracycline,1
Clobazam,Conjugated,1
Triprolidine,Ibuprofen,1
Triprolidine,Tramadol,1
Pargyline,Polythiazide,1
Atovaquone,Fimasartan,1
Urea,Vasopressin,1
Atovaquone,Lapaquistat,1
Atovaquone,Zotarolimus,1
Atovaquone,Telmisartan,1
Ergotamine,Methocarbamol,1
Atovaquone,Ezetimibe,1
Elvitegravir,Ethambutol,1
Elvitegravir,Nevirapine,1
Elvitegravir,Pyrazinamide,1
Elvitegravir,Zidovudine,1
Ranitidine,Dornase,1
Alagebrium,Quinapril,1
Mesna,Tirapazamine,1
Alagebrium,Guanethidine,1
Mesna,Fludarabine,1
Mesna,Palifermin,1
Mesna,Ibritumomab,1
Mesna,Pixantrone,1
Mesna,Basiliximab,1
Mesna,Pegfilgrastim,1
Mesna,Neratinib,1
Mesna,Methylprednisolone,1
Mesna,Defibrotide,1
Mesna,Enzastaurin,1
Mesna,Ocrelizumab,1
Norelgestromin,Desogestrel,1
Elvitegravir,Doxycycline,1
Mesna,Epirubicin,1
Mesna,Tacrolimus,1
Alagebrium,Irbesartan,1
Alagebrium,Pindolol,1
Prednisone,Granisetron,1
Prednisone,Fluocinolone,1
Fluoxetine,Clonazepam,1
Amoxicillin,Bismuth,1
Cisplatin,Obinutuzumab,1
Hydrochlorothiazide,Indapamide,1
Rapamycin,Mycophenolate,1
Dexamethasone,Rilpivirine,1
Cisplatin,Lapatinib,1
Cisplatin,Decitabine,1
Cisplatin,Taxane,1
Dexamethasone,Fexofenadine,1
Cisplatin,Flavopiridol,1
Cisplatin,Phorbol,1
Hydrochlorothiazide,Metrizoic,1
Cyclophosphamide,U0126,1
Ziprasidone,Duloxetine,1
Ziprasidone,Tropisetron,1
Ziprasidone,Citalopram,1
Ziprasidone,Venlafaxine,1
Ziprasidone,Clobazam,1
Cisplatin,Creatine,1
Cisplatin,Levomefolic,1
Ziprasidone,Clomipramine,1
Cisplatin,Betaine,1
Pseudoephedrine,Dimethyl,1
Lidocaine,Isopropyl,1
Cyclophosphamide,Aplidine,1
Cisplatin,Dasatinib,1
Cisplatin,Mesna,1
Cisplatin,Enzastaurin,1
Cisplatin,Temsirolimus,1
Hydrochlorothiazide,Lapaquistat,1
Cisplatin,Trifluridine,1
Cisplatin,Obatoclax,1
Cisplatin,Trientine,1
Cisplatin,Panitumumab,1
Cisplatin,Uracil,1
Cisplatin,Linifanib,1
Cisplatin,Romiplostim,1
Cisplatin,Pazopanib,1
Cisplatin,Procarbazine,1
Ziprasidone,Clonazepam,1
Ziprasidone,Bupropion,1
Fluoxetine,Escitalopram,1
Irbesartan,Candesartan,1
Fluoxetine,Naltrexone,1
Fluoxetine,Acamprosate,1
Pseudoephedrine,Sevoflurane,1
Pseudoephedrine,Clonidine,1
Cyclophosphamide,Zoledronate,1
Cyclophosphamide,Hydroxychloroquine,1
Cyclophosphamide,Ondansetron,1
Belatacept,Mycophenolate,1
Ticarcillin,Lafutidine,1
Atovaquone,Glatiramer,1
Belatacept,Methylprednisolone,1
Voglibose,Spironolactone,1
Adapalene,Erythromycin,1
Tipranavir,Clofazimine,1
Tipranavir,Cobicistat,1
Tipranavir,PA-824,1
Tipranavir,Zidovudine,1
Metformin,Exemestane,1
Argatroban,Magnesium,1
Ziprasidone,Verapamil,1
Argatroban,Bicarbonate,1
Ziprasidone,Amitriptyline,1
Ziprasidone,Donepezil,1
Ziprasidone,Lamotrigine,1
Argatroban,Sulfadiazine,1
Argatroban,Sulfamerazine,1
Argatroban,Sulfamethazine,1
Argatroban,Calcium,1
Argatroban,Lomustine,1
Argatroban,Memantine,1
Argatroban,Arginine,1
Argatroban,2-Propanol,1
Argatroban,Ethanol,1
Argatroban,Alendronate,1
Argatroban,Testosterone,1
Argatroban,Estradiol,1
Argatroban,Aluminum,1
Argatroban,Lactate,1
Pseudoephedrine,Methocarbamol,1
Pseudoephedrine,Ketoprofen,1
Pseudoephedrine,Pentazocine,1
Bimatoprost,Latanoprost,1
Cyclophosphamide,Pertuzumab,1
Cyclophosphamide,Fulvestrant,1
Cyclophosphamide,Afatinib,1
Ticagrelor,Heparin,1
Ertapenem,Fluorometholone,1
Ertapenem,Netilmicin,1
Ticagrelor,Warfarin,1
Pseudoephedrine,Bromodiphenhydramine,1
Golimumab,Enbrel,1
Cyclophosphamide,Plerixafor,1
Gliclazide,Fludrocortisone,1
Ticagrelor,Cilostazol,1
Ticagrelor,Eptifibatide,1
Ethinyl,Chloroquine,1
Docetaxel,Discodermolide,1
Dexamethasone,Methylprednisolone,1
Cephalexin,Netilmicin,1
Amoxicillin,Ranitidine,1
Gliclazide,Exenatide,1
Pseudoephedrine,Quinidine,1
Ticagrelor,Pomalidomide,1
Valproic,Oxcarbazepine,1
Cyclophosphamide,Axitinib,1
Cyclopentolate,Metoclopramide,1
Cyclophosphamide,Tipifarnib,1
Cyclophosphamide,Imatinib,1
Cyclophosphamide,Octreotide,1
Cyclophosphamide,Tamoxifen,1
Cyclophosphamide,Elesclomol,1
Cyclophosphamide,Romiplostim,1
Cyclophosphamide,Lomustine,1
Ticagrelor,Meprobamate,1
Ticagrelor,Methocarbamol,1
Golimumab,Abatacept,1
Ticagrelor,Clopidogrel,1
Ticagrelor,Prasugrel,1
Cyclophosphamide,Ixabepilone,1
Gliclazide,Clomifene,1
Cephalexin,Cefotaxime,1
Ethinyl,Sulfadoxine,1
Cephalexin,Ampicillin,1
Cephalexin,Gentamicin,1
Epinephrine,Propoxycaine,1
Metformin,Mannitol,1
Ketoconazole,Tamsulosin,1
Metformin,Phenylbutyrate,1
Amoxicillin,Ceftazidime,1
Amoxicillin,Sodium,1
Hydrocortisone,Triamcinolone,1
Cyclophosphamide,SCH,1
Pseudoephedrine,Aspirin,1
Pseudoephedrine,Caffeine,1
Pseudoephedrine,Dexketoprofen,1
Cisplatin,Lonafarnib,1
Cisplatin,Sorivudine,1
Artesunate,Lumefantrine,1
Fluoxetine,Tropisetron,1
Formoterol,Indacaterol,1
Cyclophosphamide,Tanespimycin,1
Prednisolone,Sulfabenzamide,1
Amoxicillin,Tetracycline,1
Hydrocortisone,Desoxyribonuclease,1
Ethinyl,Bazedoxifene,1
Dexamethasone,Chloramphenicol,1
Docetaxel,Trebananib,1
Kanamycin,Ampicillin,1
Kanamycin,Gentamicin,1
Hydrochlorothiazide,Calcium,1
Kanamycin,Netilmicin,1
Kanamycin,Cefotaxime,1
Acetaminophen,Levonordefrin,1
Hydrocortisone,Fibrinolysin,1
Ethinyl,Sulfadiazine,1
Ethinyl,Sulfamethazine,1
Acetaminophen,Procaine,1
Ethinyl,Sulfamerazine,1
Isophane,Spironolactone,1
Hydrocortisone,Gramicidin,1
Hydrocortisone,Pipemidic,1
Dexamethasone,Ritonavir,1
Dexamethasone,Omeprazole,1
Dexamethasone,Adenosine,1
Fluconazole,Telaprevir,1
Fluconazole,Pitavastatin,1
Fluconazole,Nitrofurantoin,1
Fluconazole,Paroxetine,1
Fluconazole,Boceprevir,1
Fluconazole,Phentermine,1
Phenoxodiol,Vinorelbine,1
Phenoxodiol,Tirapazamine,1
Fluconazole,Moxifloxacin,1
Fluconazole,Lopinavir,1
Fluconazole,Darunavir,1
Phenoxodiol,Capecitabine,1
Phenoxodiol,Oxaliplatin,1
Fluconazole,Clofazimine,1
Phenoxodiol,Imatinib,1
Fluconazole,Levonorgestrel,1
Fluconazole,Etonogestrel,1
Fluconazole,Nafcillin,1
Fluconazole,Tenofovir,1
Fluconazole,Cefepime,1
Fluconazole,Ethambutol,1
Ertapenem,Amikacin,1
Ertapenem,Penicillin,1
Ertapenem,Metronidazole,1
Heroin,Apixaban,1
Heroin,Naproxen,1
Itraconazole,Quetiapine,1
Fluconazole,Rifapentine,1
Fluconazole,Didanosine,1
Fluconazole,Anidulafungin,1
Fluconazole,Lamotrigine,1
Fluconazole,Tiagabine,1
Fluconazole,Oxcarbazepine,1
Phenoxodiol,Ixabepilone,1
Fluconazole,Pyrazinamide,1
Fluconazole,Ribavirin,1
Fluconazole,Mefloquine,1
Fluconazole,Atazanavir,1
Phenoxodiol,Tirofiban,1
Heroin,Aspirin,1
Hydrochlorothiazide,Minocycline,1
Amoxicillin,Pefloxacin,1
Prednisone,Chlorambucil,1
Levetiracetam,Raclopride,1
Paclitaxel,Cediranib,1
Metformin,"Estrogens,",1
Fluoxetine,Sertraline,1
Fluticasone,Beclomethasone,1
Hydrochlorothiazide,Glatiramer,1
Fluconazole,Gentamicin,1
Hydrochlorothiazide,Isosorbide,1
Neomycin,Miconazole,1
Atorvastatin,Laropiprant,1
Atorvastatin,Niacin,1
Atorvastatin,Gemfibrozil,1
Atorvastatin,Cerivastatin,1
Topiramate,Gabapentin,1
Phenoxodiol,Panitumumab,1
Fluconazole,Cilastatin,1
Phenoxodiol,Epirubicin,1
Indapamide,Triamterene,1
Fluconazole,Pefloxacin,1
Phenoxodiol,Topotecan,1
Indapamide,Quinethazone,1
Phenoxodiol,Canfosfamide,1
Indapamide,Reserpine,1
Indapamide,Cinacalcet,1
Indapamide,Progestrone,1
Indapamide,Eprosartan,1
Indapamide,Adenosine,1
Indapamide,Bisoprolol,1
Indapamide,Amlodipine,1
Tramadol,Celecoxib,1
Phenoxodiol,Rapamycin,1
Phenoxodiol,Irinotecan,1
Phenoxodiol,Gefitinib,1
Phenoxodiol,Bevacizumab,1
Ertapenem,Nafcillin,1
Sulfamethazine,Repaglinide,1
Sulfamethazine,Sulfathiazole,1
Fludarabine,Defibrotide,1
Hydroxyurea,Mefloquine,1
Cefuroxime,Amoxicillin,1
Cefuroxime,Clarithromycin,1
Cefuroxime,Ciprofloxacin,1
Cefuroxime,Gatifloxacin,1
Rilpivirine,Saquinavir,1
Axitinib,Uracil,1
Fludarabine,Pixantrone,1
Cefuroxime,Nystatin,1
Fludarabine,Topotecan,1
Fludarabine,Pegfilgrastim,1
Fludarabine,Procarbazine,1
Fludarabine,Palifermin,1
Fludarabine,Hydroxychloroquine,1
Triprolidine,Diphenhydramine,1
Fludarabine,Aprepitant,1
Cefuroxime,Triamcinolone,1
Cefuroxime,Sulfisoxazole,1
Fludarabine,Isotretinoin,1
Cyclophosphamide,Simvastatin,1
Flavopiridol,Sertraline,1
Aspirin,Beclomethasone,1
Doxorubicin,Octreotide,1
Lamivudine,Ondansetron,1
Aspirin,Acetylcysteine,1
Prednisone,Loteprednol,1
Lamivudine,Sulfisoxazole,1
Lamivudine,Lamotrigine,1
Cefuroxime,Imipenem,1
Lamivudine,Levetiracetam,1
Lamivudine,Metformin,1
Lamivudine,Dexmedetomidine,1
Cyclophosphamide,Rabeprazole,1
Rilpivirine,Maraviroc,1
Rilpivirine,Abacavir,1
Reteplase,Anidulafungin,1
Fludarabine,Methylprednisolone,1
Fludarabine,Sargramostim,1
Heroin,Dimethyl,1
Pimecrolimus,Rosuvastatin,1
Diazoxide,Famotidine,1
Oxymorphone,Morphine,1
Fludrocortisone,Leuprolide,1
Nitroprusside,Tirapazamine,1
Nitroprusside,Chlorambucil,1
Fludrocortisone,Vasopressin,1
Fludrocortisone,Progestrone,1
Oxymorphone,Tazarotene,1
Etonogestrel,Norgestimate,1
Olmesartan,Valsartan,1
Pimecrolimus,Indacaterol,1
Oxymorphone,Hydrocodone,1
Heroin,Meprobamate,1
Heroin,Clopidogrel,1
Floxuridine,Aprepitant,1
Heroin,Cilostazol,1
Axitinib,Genistein,1
Oxymorphone,Ketamine,1
Fludarabine,Tacrolimus,1
Fludarabine,Palonosetron,1
Fludarabine,Tirofiban,1
Fludarabine,Leflunomide,1
Fludarabine,Cyclosporine,1
Fludarabine,Lenalidomide,1
Fludarabine,Bortezomib,1
Fludarabine,Rapamycin,1
Fludarabine,Vinblastine,1
Fludarabine,Floxuridine,1
Oxymorphone,Codeine,1
Rilpivirine,Zidovudine,1
Cefuroxime,Gemifloxacin,1
Ziprasidone,Trandolapril,1
Entecavir,Nitazoxanide,1
Abiraterone,Oxymetazoline,1
Entecavir,Ribavirin,1
Etonogestrel,Desogestrel,1
Ethinyl,Dienogest,1
Topiramate,Phenytoin,1
Topiramate,Tiagabine,1
Pseudoephedrine,Fingolimod,1
Lamivudine,Fulvestrant,1
Guanethidine,Phentermine,1
Etonogestrel,Medroxyprogeterone,1
Prednisone,Mebendazole,1
Etonogestrel,Ethynodiol,1
Guanethidine,Candesartan,1
Edrophonium,Meperidine,1
Lamivudine,Voglibose,1
Lamivudine,Aminophylline,1
Edrophonium,Difenoxin,1
Lamivudine,Cetrorelix,1
Lamivudine,Vildagliptin,1
Docetaxel,Posaconazole,1
Sulfadiazine,Tirapazamine,1
Dexamethasone,Thiopental,1
Dexamethasone,Pentobarbital,1
Lamivudine,Fotemustine,1
Heroin,Oxymorphone,1
Dexamethasone,Bicalutamide,1
Olanzapine,Clomipramine,1
Olanzapine,Citalopram,1
Cyclophosphamide,Basiliximab,1
Cephalexin,Teicoplanin,1
Cephalexin,Nafcillin,1
Cephalexin,Floxacillin,1
Kanamycin,Nafcillin,1
Cyclophosphamide,Vinblastine,1
Acetaminophen,Bromodiphenhydramine,1
Ertapenem,Cefuroxime,1
Cyclophosphamide,Pimecrolimus,1
Cyclophosphamide,Atrasentan,1
Ethinyl,Cinacalcet,1
Ethinyl,Cefepime,1
Cyclophosphamide,Lintuzumab,1
Ethinyl,Paricalcitol,1
Hydrochlorothiazide,Chenodeoxycholic,1
Dexamethasone,Creatine,1
Dexamethasone,Deferasirox,1
Cisplatin,Lomeguatrib,1
Dexamethasone,Dutasteride,1
Dexamethasone,Valproic,1
Eprosartan,Chenodeoxycholic,1
Eprosartan,Deserpidine,1
Lamivudine,Carbamazepine,1
Dexamethasone,Midodrine,1
Prednisone,Ivermectin,1
Dexamethasone,Prazosin,1
Docetaxel,Epigallocatechin,1
Lamivudine,Glyburide,1
Docetaxel,Cycloserine,1
Eprosartan,Conivaptan,1
Dexamethasone,Letrozole,1
Edrophonium,Diphenoxylate,1
Dexamethasone,Simvastatin,1
Dexamethasone,Methotrexate,1
Dexamethasone,Mitoxantrone,1
Dexamethasone,Fluorouracil,1
Dexamethasone,Gatifloxacin,1
Dexamethasone,Plerixafor,1
Prednisone,Rosuvastatin,1
Lamivudine,Glimepiride,1
Lamivudine,Rosiglitazone,1
Docetaxel,Fusidic,1
Dexamethasone,Vinblastine,1
Docetaxel,Anidulafungin,1
Prednisone,Tamoxifen,1
Dexamethasone,Daunorubicin,1
Sulfamerazine,Tirapazamine,1
Dexamethasone,Etoposide,1
Dexamethasone,Deferoxamine,1
Dexamethasone,Imatinib,1
Dexamethasone,Atorvastatin,1
Eprosartan,Hydralazine,1
Eprosartan,Celecoxib,1
Eprosartan,Diazoxide,1
Eprosartan,Nitroprusside,1
Cyclophosphamide,Folic,1
Ethinyl,Anidulafungin,1
Ethinyl,Cetrorelix,1
Docetaxel,Genistein,1
Cefepime,Prilocaine,1
Triclosan,Cefuroxime,1
Hydrochlorothiazide,Dipyridamole,1
Triclosan,Ertapenem,1
Triclosan,Oxacillin,1
Docetaxel,Anastrozole,1
Triclosan,Imipenem,1
Hydroxyurea,Sorbitol,1
Risedronate,Cholecalciferol,1
Moclobemide,Ziprasidone,1
Ganciclovir,Ciprofloxacin,1
Methotrexate,Anakinra,1
Triclosan,Ceftazidime,1
Triclosan,Vancomycin,1
Amisulpride,Ziprasidone,1
Triclosan,Gentamicin,1
Triclosan,Teicoplanin,1
Risedronate,Alendronate,1
Kanamycin,Floxacillin,1
Docetaxel,Axitinib,1
Cisplatin,Ipilimumab,1
Artesunate,Trovafloxacin,1
Prednisone,Fludarabine,1
Prednisone,CI-1040,1
Prednisone,3-BROP,1
Docetaxel,Ixabepilone,1
Docetaxel,"""2'-Deoxyinosine""",1
Docetaxel,Trientine,1
Metformin,Fludrocortisone,1
Docetaxel,Octreotide,1
Docetaxel,Pazopanib,1
Glimepiride,Glyburide,1
Ibuprofen,Loratadine,1
Ibuprofen,Cetirizine,1
Ibuprofen,Desloratadine,1
Ibuprofen,Cyclopentolate,1
Adenosine,Progestrone,1
Docetaxel,Temsirolimus,1
Docetaxel,Afatinib,1
Ethinyl,Ganitumab,1
Acetaminophen,Cimetidine,1
Acetaminophen,Ropivacaine,1
Acetaminophen,Prilocaine,1
Hydrochlorothiazide,Celecoxib,1
Ethinyl,Tamsulosin,1
Ethinyl,Gamma,1
Olanzapine,Escitalopram,1
Hydrocortisone,Flurandrenolide,1
Hydroxyurea,Urea,1
Hydrochlorothiazide,Fluvastatin,1
Hydrocortisone,Fexofenadine,1
Ethinyl,Testosterone,1
Kanamycin,Teicoplanin,1
Cyclophosphamide,Chlorambucil,1
Cyclophosphamide,Creatine,1
Ethinyl,Progestrone,1
Ethinyl,Ketoconazole,1
Acetaminophen,Articaine,1
Cyclophosphamide,Leucovorin,1
Ethinyl,Conjugated,1
Naloxone,Pregabalin,1
Hydroxyurea,Furosemide,1
Methotrexate,Cyclosporine,1
Acetaminophen,Meprobamate,1
Ganciclovir,Neomycin,1
Acetaminophen,Sumatriptan,1
Ethinyl,Erythromycin,1
Acetaminophen,Montelukast,1
Acetaminophen,Dexmedetomidine,1
Cyclophosphamide,Cyclosporine,1
Acetaminophen,Clonidine,1
Hydrochlorothiazide,Perifosine,1
Cyclophosphamide,Mizoribine,1
Cyclophosphamide,Everolimus,1
Cyclophosphamide,Betamethasone,1
Cyclophosphamide,Raloxifene,1
Cyclophosphamide,Trimetrexate,1
Dexamethasone,Uracil,1
Metformin,Misoprostol,1
Fluoxetine,Bupropion,1
Lamivudine,Sorbitol,1
Aliskiren,Apixaban,1
Fluoxetine,Desipramine,1
Pseudoephedrine,Naphazoline,1
Metformin,Mifepristone,1
Dexamethasone,Mycophenolate,1
Ceftriaxone,Gentamicin,1
Ceftriaxone,Cefepime,1
Aliskiren,Trandolapril,1
Aliskiren,Chlorthalidone,1
Aliskiren,Atenolol,1
Aliskiren,Enoxaparin,1
Fluoxetine,Lorazepam,1
Pseudoephedrine,Magnesium,1
Tramadol,Pregabalin,1
Aliskiren,Perindopril,1
Metformin,Furosemide,1
Gatifloxacin,Tobramycin,1
Dexamethasone,Acetylcysteine,1
Hydrochlorothiazide,Indacaterol,1
Hydrochlorothiazide,Quetiapine,1
Hydrochlorothiazide,Aprepitant,1
Hydrochlorothiazide,Glimepiride,1
Hydrochlorothiazide,Clomifene,1
Hydrochlorothiazide,Azilsartan,1
Aliskiren,Felodipine,1
Lamivudine,Posaconazole,1
Furosemide,Ranitidine,1
Dexamethasone,Hydrocortisone,1
Estradiol,Triptorelin,1
Benzoyl,Penicillin,1
Aliskiren,Nifedipine,1
Pseudoephedrine,Prasugrel,1
Metformin,Conivaptan,1
Pseudoephedrine,Indomethacin,1
Gatifloxacin,Gentamicin,1
Gatifloxacin,Fluorometholone,1
Hydrochlorothiazide,Vildagliptin,1
Acetaminophen,Theophylline,1
Prednisone,Ifosfamide,1
Prednisone,Sulfacetamide,1
Aliskiren,Tamsulosin,1
Valproic,Depsipeptide,1
Lamivudine,Atovaquone,1
Lamivudine,Proguanil,1
Acetaminophen,Methamphetamine,1
Aspirin,Loratadine,1
Prednisone,Epirubicin,1
Prednisone,Pemetrexed,1
Prednisone,Neomycin,1
Prednisone,Gefitinib,1
Prednisone,Erlotinib,1
Valproic,Tiagabine,1
Aliskiren,Gemfibrozil,1
Prednisone,Miconazole,1
Prednisone,Busulfan,1
Prednisone,Palonosetron,1
Tramadol,Dihydrocodeine,1
Prednisone,Tobramycin,1
Entecavir,Pyrimethamine,1
Entecavir,Chloroquine,1
Ibuprofen,Metoclopramide,1
Prednisone,Betamethasone,1
Prednisone,Clotrimazole,1
Prednisone,Daunorubicin,1
Prednisone,Azacitidine,1
Prednisone,Cimetidine,1
Acetaminophen,Meperidine,1
Prednisone,Deferoxamine,1
Prednisone,Omeprazole,1
Prednisone,Rabeprazole,1
Sildenafil,Arformoterol,1
Prednisone,Altretamine,1
Prednisone,Raloxifene,1
Sildenafil,Naphazoline,1
Hydrochlorothiazide,Mitoxantrone,1
Hydrochlorothiazide,Canagliflozin,1
Lamivudine,Fosaprepitant,1
Hydrochlorothiazide,Vincristine,1
Hydrochlorothiazide,Ketoprofen,1
Hydrochlorothiazide,Pentazocine,1
Hydrochlorothiazide,Prochlorperazine,1
Hydrochlorothiazide,Triamcinolone,1
Hydrochlorothiazide,Loratadine,1
Hydrochlorothiazide,Bortezomib,1
Hydrochlorothiazide,Rapamycin,1
Hydrochlorothiazide,Clindamycin,1
Hydrochlorothiazide,Carisoprodol,1
Hydrochlorothiazide,Dasatinib,1
Hydrochlorothiazide,Miconazole,1
Hydrochlorothiazide,Naltrexone,1
Hydrochlorothiazide,Amoxicillin,1
Hydrochlorothiazide,Ciprofloxacin,1
Hydrochlorothiazide,Gefitinib,1
Hydrochlorothiazide,Lamotrigine,1
Hydrochlorothiazide,Pefloxacin,1
Hydrochlorothiazide,Oxycodone,1
Hydrochlorothiazide,Diphenhydramine,1
Hydrochlorothiazide,Rabeprazole,1
Dexamethasone,Emtricitabine,1
Hydrochlorothiazide,Ivermectin,1
Hydrochlorothiazide,Midodrine,1
Hydrochlorothiazide,Lidocaine,1
Hydrochlorothiazide,Bupivacaine,1
Hydrochlorothiazide,Omeprazole,1
Hydrochlorothiazide,Olanzapine,1
Hydrochlorothiazide,Amantadine,1
Dexamethasone,Efavirenz,1
Hydrochlorothiazide,Escitalopram,1
Hydrochlorothiazide,Repaglinide,1
Hydrochlorothiazide,PA-824,1
Hydrochlorothiazide,Indomethacin,1
Hydrochlorothiazide,Propoxyphene,1
Hydrochlorothiazide,Glipizide,1
Hydrochlorothiazide,Quinidine,1
Hydrochlorothiazide,Oxcarbazepine,1
Hydrochlorothiazide,Tiagabine,1
Hydrochlorothiazide,Sulfathiazole,1
Hydrochlorothiazide,Fluorometholone,1
Hydrochlorothiazide,Azelastine,1
Dexamethasone,Trifluridine,1
Hydrochlorothiazide,Ziprasidone,1
Hydrochlorothiazide,Cabazitaxel,1
Hydrochlorothiazide,Bedaquiline,1
Ethinyl,Risedronate,1
Hydrochlorothiazide,Chloroquine,1
Hydrochlorothiazide,Cilastatin,1
Hydrochlorothiazide,Trimethaphan,1
Hydrochlorothiazide,Sulfadoxine,1
Dexamethasone,Altretamine,1
Hydrochlorothiazide,Fotemustine,1
Ethinyl,Fluticasone,1
Hydrochlorothiazide,Midazolam,1
Hydrochlorothiazide,Clopidogrel,1
Hydrochlorothiazide,Fulvestrant,1
Hydrochlorothiazide,Citalopram,1
Pseudoephedrine,Atropine,1
Hydrochlorothiazide,Clonidine,1
Hydrochlorothiazide,Lorazepam,1
Hydrochlorothiazide,Levodopa,1
Hydrochlorothiazide,Imipenem,1
Hydrochlorothiazide,Ribavirin,1
Hydrochlorothiazide,Plerixafor,1
Hydrochlorothiazide,Voglibose,1
Hydrochlorothiazide,Progestrone,1
Hydrochlorothiazide,Abiraterone,1
Hydrochlorothiazide,Prasugrel,1
Dexamethasone,Potassium,1
Hydrochlorothiazide,Alogliptin,1
Hydrochlorothiazide,Ethacrynic,1
Hydrochlorothiazide,Vasopressin,1
Hydrochlorothiazide,Elesclomol,1
Hydrochlorothiazide,Cilostazol,1
Hydrochlorothiazide,Carfilzomib,1
Ethinyl,Ibandronate,1
Aliskiren,Cerivastatin,1
Indapamide,Calcium,1
Aztreonam,Nafcillin,1
Docetaxel,Potassium,1
Docetaxel,Lomeguatrib,1
Docetaxel,Naphthoquine,1
Docetaxel,Fotemustine,1
Docetaxel,Altretamine,1
Docetaxel,Procainamide,1
Docetaxel,Abacavir,1
Docetaxel,Etoposide,1
Docetaxel,Cytarabine,1
Docetaxel,Topotecan,1
Hydrochlorothiazide,Scopadulciol,1
Hydrochlorothiazide,Ganciclovir,1
Docetaxel,Clofarabine,1
Docetaxel,Sorafenib,1
Docetaxel,Taxane,1
Docetaxel,Sunitinib,1
Docetaxel,Emtricitabine,1
Docetaxel,Ifosfamide,1
Docetaxel,Hydroquinone,1
Docetaxel,CI-1040,1
Docetaxel,Methotrexate,1
Hydrochlorothiazide,Acetylcysteine,1
Metformin,Insulin,1
Hydrochlorothiazide,Fluticasone,1
Metformin,Humalog,1
Metformin,Oseltamivir,1
Hydrochlorothiazide,Ethanol,1
Docetaxel,NGR-hTNF,1
Docetaxel,Mercaptopurine,1
Docetaxel,Ethambutol,1
Docetaxel,Melphalan,1
Docetaxel,Temozolomide,1
Docetaxel,Toremifene,1
Docetaxel,Tacrolimus,1
Docetaxel,SC144,1
Docetaxel,Aldesleukin,1
Docetaxel,IL-27,1
Docetaxel,Lopinavir,1
Docetaxel,Trabectedin,1
Aztreonam,Oxacillin,1
Aspirin,Tadalafil,1
Lamivudine,Lorazepam,1
Lamivudine,Sulfasalazine,1
Lamivudine,Gliclazide,1
Lamivudine,Axitinib,1
Cyclophosphamide,Azithromycin,1
Acetaminophen,Salbutamol,1
Aspirin,Pilocarpine,1
Reserpine,Amodiaquine,1
Aspirin,Levonordefrin,1
Flavopiridol,Desipramine,1
Aspirin,Phentolamine,1
Aspirin,Alprostadil,1
Flavopiridol,Methdilazine,1
Cyclophosphamide,Mitomycin,1
Aspirin,Bosutinib,1
Lamivudine,Pazopanib,1
Cyclophosphamide,Trifluridine,1
Aspirin,Naproxen,1
Docetaxel,Rituximab,1
Docetaxel,Moxifloxacin,1
Docetaxel,Rapamycin,1
Docetaxel,Ritonavir,1
Docetaxel,Saquinavir,1
Docetaxel,Cyclosporine,1
Docetaxel,Procarbazine,1
Docetaxel,Tretinoin,1
Docetaxel,Methoxsalen,1
Docetaxel,Bexarotene,1
Sulfamerazine,Sulfathiazole,1
Docetaxel,Creatine,1
Sulfadiazine,Sulfathiazole,1
Prednisone,Vasopressin,1
Aspirin,Warfarin,1
Cyclophosphamide,2-methoxyestradiol,1
Fentanyl,Clobazam,1
Aspirin,Everolimus,1
Pseudoephedrine,Pheniramine,1
Pseudoephedrine,Antazoline,1
Hydrochlorothiazide,Prilocaine,1
Indapamide,Pravastatin,1
Aztreonam,Gentamicin,1
Methamphetamine,Amphetamine,1
Methamphetamine,Methylphenidate,1
Indapamide,Deserpidine,1
Indapamide,Nebivolol,1
Indapamide,Conivaptan,1
Indapamide,Nifedipine,1
Indapamide,Etodolac,1
Indapamide,Captopril,1
Indapamide,Oxymetazoline,1
Aztreonam,Tigecycline,1
Indapamide,Amisulpride,1
Indapamide,Moclobemide,1
Plerixafor,Doxorubicin,1
Ipratropium,Salmeterol,1
Ipratropium,Pregnyl,1
Indapamide,Fluvastatin,1
Indapamide,Felodipine,1
Hydrochlorothiazide,Sodium,1
Indapamide,Atenolol,1
Indapamide,Latanoprost,1
Aztreonam,Teicoplanin,1
Indapamide,Mannitol,1
Indapamide,Cholecalciferol,1
Indapamide,Clopidogrel,1
Indapamide,Polythiazide,1
Indapamide,Labetalol,1
Indapamide,Lisdexamfetamine,1
Indapamide,Dorzolamide,1
Indapamide,Escitalopram,1
Indapamide,Valsartan,1
Indapamide,Nadolol,1
Indapamide,Bendroflumethiazide,1
Indapamide,Fenofibrate,1
Indapamide,Diltiazem,1
Indapamide,Lovastatin,1
Ipratropium,Buserelin,1
Ipratropium,Terbutaline,1
Ipratropium,Azelastine,1
Docetaxel,Sepantronium,1
Docetaxel,Ondansetron,1
Docetaxel,Anakinra,1
Docetaxel,Dornase,1
Docetaxel,Romiplostim,1
Docetaxel,Infliximab,1
Docetaxel,Chlorambucil,1
Docetaxel,Anti-thymocyte,1
Docetaxel,Teprotumumab,1
Tramadol,Prochlorperazine,1
Docetaxel,Sotatercept,1
Docetaxel,Pitavastatin,1
Docetaxel,Mycophenolate,1
Docetaxel,Entecavir,1
Docetaxel,Panobinostat,1
Hydrochlorothiazide,Vilanterol,1
Hydrochlorothiazide,Prazosin,1
Docetaxel,Palonosetron,1
Docetaxel,Belatacept,1
Docetaxel,ABT-751,1
Docetaxel,Canfosfamide,1
Indapamide,Niacin,1
Indapamide,Ramipril,1
Ipratropium,Beclomethasone,1
Ipratropium,Formoterol,1
Plerixafor,Dacarbazine,1
Plerixafor,Decitabine,1
Indapamide,Telmisartan,1
Plerixafor,Ifosfamide,1
Indapamide,Nitrendipine,1
Plerixafor,Vorinostat,1
Indapamide,Carvedilol,1
Indapamide,Irbesartan,1
Ipratropium,Budesonide,1
Indapamide,Quetiapine,1
Docetaxel,Aprepitant,1
Riluzole,Ziprasidone,1
