DCC0256,DCC1162,Different targets in different biological processes
DCC0256,DCC1165,Different targets in different biological processes
DCC0256,DCC1357,Different targets in related biological processes
DCC0256,DCC1471,Same target
DCC0256,DCC1535,Same target
DCC0256,DCC1710,Different targets in different biological processes
DCC0257,DCC0447,Different targets in different biological processes
DCC0258,DCC1293,Different targets in related biological processes
DCC0259,DCC0277,Different targets in different biological processes
DCC0259,DCC0278,Same target
DCC0259,DCC0295,Different targets in related biological processes
DCC0259,DCC0311,Same target
DCC0259,DCC0323,Different targets in different biological processes
DCC0259,DCC0325,Different targets in different biological processes
DCC0259,DCC0329,Different targets in different biological processes
DCC0259,DCC0332,Different targets in different biological processes
DCC0259,DCC0369,Different targets in related biological processes
DCC0259,DCC0403,Different targets in related biological processes
DCC0259,DCC0416,Different targets in different biological processes
DCC0259,DCC0426,Different targets in different biological processes
DCC0259,DCC0439,Different targets in different biological processes
DCC0259,DCC0620,Different targets in related biological processes
DCC0259,DCC0904,Different targets in different biological processes
DCC0259,DCC1084,Different targets in different biological processes
DCC0259,DCC1129,Different targets in different biological processes
DCC0259,DCC1234,Different targets in different biological processes
DCC0259,DCC1321,Different targets in different biological processes
DCC0259,DCC1417,Different targets in related biological processes
DCC0259,DCC1522,Different targets in different biological processes
DCC0260,DCC0270,Different targets in related biological processes
DCC0260,DCC0315,Different targets in different biological processes
DCC0260,DCC0331,Different targets in different biological processes
DCC0262,DCC0444,Different targets in different biological processes
DCC0263,DCC0391,Different targets in different biological processes
DCC0264,DCC0332,Different targets in related biological processes
DCC0264,DCC0348,Different targets in different biological processes
DCC0264,DCC1135,Different targets in related biological processes
DCC0266,DCC0305,Different targets in related biological processes
DCC0267,DCC0371,Different targets in related biological processes
DCC0267,DCC1680,Different targets in related biological processes
DCC0268,DCC0370,Different targets in different biological processes
DCC0269,DCC0270,Different targets in related biological processes
DCC0270,DCC0315,Different targets in same biological process
DCC0270,DCC0331,Different targets in same biological process
DCC0271,DCC0325,Different targets in different biological processes
DCC0271,DCC0332,Different targets in different biological processes
DCC0271,DCC0956,Different targets in different biological processes
DCC0272,DCC0305,Different targets in different biological processes
DCC0272,DCC0342,Different targets in different biological processes
DCC0273,DCC0280,Different targets in related biological processes
DCC0273,DCC0308,Different targets in different biological processes
DCC0273,DCC0318,Different targets in different biological processes
DCC0273,DCC1357,Different targets in related biological processes
DCC0273,DCC1525,Different targets in related biological processes
DCC0274,DCC0326,Different targets in different biological processes
DCC0276,DCC0290,Different targets in related biological processes
DCC0276,DCC0657,Different targets in related biological processes
DCC0277,DCC0278,Different targets in different biological processes
DCC0277,DCC0325,Different targets in different biological processes
DCC0277,DCC1649,Different targets in related biological processes
DCC0278,DCC0288,Different targets in related biological processes
DCC0278,DCC0325,Different targets in different biological processes
DCC0278,DCC1162,Different targets in different biological processes
DCC0166,DCC1825,Different targets in related biological processes
DCC0180,DCC1826,Different targets in different biological processes
DCC0040,DCC0319,Different targets in different biological processes
DCC0040,DCC0325,Different targets in different biological processes
DCC1814,DCC1852,Different targets in related biological processes
DCC0166,DCC1847,Different targets in different biological processes
DCC0163,DCC0240,Different targets in related biological processes
DCC0040,DCC1820,Different targets in related biological processes
DCC0260,DCC1852,Different targets in related biological processes
DCC0260,DCC1829,Different targets in related biological processes
DCC0216,DCC1813,Different targets in different biological processes
DCC0260,DCC1816,Different targets in related biological processes
DCC0172,DCC1246,Different targets in related biological processes
DCC0260,DCC0337,Different targets in different biological processes
DCC0157,DCC0333,Different targets in different biological processes
DCC0186,DCC1836,Different targets in different biological processes
DCC1259,DCC1847,Different targets in different biological processes
DCC1813,DCC1817,Different targets in different biological processes
DCC1813,DCC1827,Different targets in different biological processes
DCC0064,DCC0137,Different targets in related biological processes
DCC1256,DCC1855,Same target
DCC1256,DCC1854,Same target
DCC0340,DCC1841,Same target
DCC0214,DCC0243,Different targets in related biological processes
DCC0040,DCC0296,Different targets in different biological processes
DCC1615,DCC1858,Different targets in different biological processes
DCC1853,DCC1861,Same target
DCC0257,DCC1454,Different targets in different biological processes
DCC0040,DCC0257,Different targets in different biological processes
DCC0021,DCC0160,Same target
DCC0204,DCC1282,Different targets in related biological processes
DCC0252,DCC1826,Different targets in different biological processes
DCC0250,DCC1577,Different targets in different biological processes
DCC0214,DCC0289,Different targets in related biological processes
DCC0047,DCC0136,Different targets in related biological processes
DCC0278,DCC1471,Same target
DCC0278,DCC1649,Different targets in different biological processes
DCC0280,DCC0281,Same target
DCC0280,DCC0318,Different targets in different biological processes
DCC0280,DCC0324,Different targets in different biological processes
DCC0280,DCC0351,Different targets in different biological processes
DCC0280,DCC0362,Different targets in different biological processes
DCC0280,DCC0407,Different targets in different biological processes
DCC0280,DCC1208,Different targets in related biological processes
DCC0280,DCC1221,Different targets in different biological processes
DCC0280,DCC1728,Different targets in different biological processes
DCC0281,DCC0351,Different targets in different biological processes
DCC0281,DCC1489,Different targets in different biological processes
DCC0282,DCC0289,Different targets in related biological processes
DCC0282,DCC0298,Different targets in related biological processes
DCC0282,DCC0944,Different targets in different biological processes
DCC0284,DCC0372,Different targets in different biological processes
DCC0284,DCC0383,Different targets in different biological processes
DCC0284,DCC0423,Different targets in different biological processes
DCC0284,DCC0464,Different targets in different biological processes
DCC0284,DCC1330,Different targets in different biological processes
DCC0285,DCC0318,Different targets in different biological processes
DCC0285,DCC0319,Same target
DCC0285,DCC0352,Inhibtion of metabolism
DCC0285,DCC0372,Different targets in different biological processes
DCC0285,DCC0374,Different targets in different biological processes
DCC0285,DCC0385,Different targets in different biological processes
DCC0285,DCC0832,Different targets in different biological processes
DCC0285,DCC1208,Different targets in different biological processes
DCC0285,DCC1297,Same target
DCC0285,DCC1334,Different targets in different biological processes
DCC0285,DCC1377,Different targets in different biological processes
DCC0285,DCC1453,Different targets in different biological processes
DCC0286,DCC0303,Different targets in related biological processes
DCC0286,DCC0333,Different targets in related biological processes
DCC0286,DCC1690,Different targets in related biological processes
DCC0288,DCC0640,Different targets in different biological processes
DCC0288,DCC1106,Different targets in different biological processes
DCC0288,DCC1471,Different targets in related biological processes
DCC0289,DCC1678,Different targets in different biological processes
DCC0290,DCC0294,Same target
DCC0290,DCC0302,Different targets in different biological processes
DCC0290,DCC0419,Different targets in related biological processes
DCC0290,DCC0657,Different targets in related biological processes
DCC0290,DCC0700,Different targets in related biological processes
DCC0290,DCC1390,Different targets in different biological processes
DCC0294,DCC0328,Different targets in related biological processes
DCC0294,DCC0448,Different targets in different biological processes
DCC0294,DCC0657,Different targets in same biological process
DCC0294,DCC1542,Different targets in different biological processes
DCC0295,DCC0323,Different targets in different biological processes
DCC0295,DCC0325,Different targets in different biological processes
DCC0295,DCC0329,Different targets in different biological processes
DCC0295,DCC0332,Different targets in different biological processes
DCC0295,DCC0336,Different targets in different biological processes
DCC0295,DCC0634,Different targets in different biological processes
DCC0295,DCC1245,Different targets in related biological processes
DCC0295,DCC1555,Different targets in different biological processes
DCC0295,DCC1639,Different targets in different biological processes
DCC0296,DCC0379,Different targets in different biological processes
DCC0296,DCC0466,Different targets in different biological processes
DCC0296,DCC1046,Same target
DCC0296,DCC1137,Different targets in related biological processes
DCC0296,DCC1142,Different targets in related biological processes
DCC0298,DCC0347,Different targets in related biological processes
DCC0299,DCC0302,Different targets in different biological processes
DCC0300,DCC0441,Different targets in different biological processes
DCC0303,DCC0333,Different targets in related biological processes
DCC0303,DCC0371,Different targets in related biological processes
DCC0303,DCC0421,Different targets in related biological processes
DCC0303,DCC0779,Different targets in different biological processes
DCC0303,DCC1207,Different targets in different biological processes
DCC0303,DCC1560,Different targets in related biological processes
DCC0303,DCC1680,Different targets in related biological processes
DCC0304,DCC0319,Different targets in different biological processes
DCC0306,DCC1207,Different targets in related biological processes
DCC0306,DCC1231,Different targets in related biological processes
DCC0306,DCC1498,Different targets in related biological processes
DCC0306,DCC1524,Different targets in related biological processes
DCC0308,DCC0363,Different targets in different biological processes
DCC0308,DCC0456,Different targets in different biological processes
DCC0308,DCC1357,Different targets in different biological processes
DCC0311,DCC0414,Different targets in different biological processes
DCC0311,DCC1120,Different targets in different biological processes
DCC0311,DCC1121,Different targets in different biological processes
DCC0311,DCC1129,Different targets in different biological processes
DCC0312,DCC1590,Same target
DCC0313,DCC0468,Different targets in same biological process
DCC0313,DCC1400,Different targets in different biological processes
DCC0315,DCC0331,Different targets in related biological processes
DCC0316,DCC1098,Same target
DCC0316,DCC1197,Different targets in related biological processes
DCC0318,DCC0319,Different targets in different biological processes
DCC0318,DCC0385,Different targets in different biological processes
DCC0318,DCC1684,Different targets in same biological process
DCC0319,DCC1240,Same target
DCC0319,DCC1297,Same target
DCC0319,DCC1365,Same target
DCC0319,DCC1453,Different targets in different biological processes
DCC0319,DCC1684,Different targets in same biological process
DCC0320,DCC0408,Different targets in related biological processes
DCC0321,DCC1143,Different targets in related biological processes
DCC0321,DCC1422,Different targets in related biological processes
DCC0321,DCC1454,Same target
DCC0321,DCC1468,Different targets of different biological processes
DCC0323,DCC0329,Same target
DCC0323,DCC0332,Different targets in different biological processes
DCC0323,DCC0334,Different targets in different biological processes
DCC0323,DCC0369,Different targets in different biological processes
DCC0323,DCC0389,Same target
DCC0323,DCC0403,Different targets in different biological processes
DCC0323,DCC0412,Different targets in different biological processes
DCC0323,DCC0416,Different targets in different biological processes
DCC0323,DCC0426,Different targets in different biological processes
DCC0323,DCC0429,Different targets in different biological processes
DCC0323,DCC0430,Different targets in different biological processes
DCC0323,DCC0439,Different targets in different biological processes
DCC0323,DCC0446,Different targets in different biological processes
DCC0323,DCC0451,Different targets in different biological processes
DCC0323,DCC0471,Same target
DCC0323,DCC0622,Different targets in different biological processes
DCC0323,DCC0652,Different targets in different biological processes
DCC0323,DCC0789,Different targets in different biological processes
DCC0323,DCC0904,Different targets in different biological processes
DCC0323,DCC0932,Different targets in different biological processes
DCC0323,DCC0945,Different targets in different biological processes
DCC0323,DCC1020,Different targets in different biological processes
DCC0323,DCC1390,Different targets in different biological processes
DCC0324,DCC0351,Same target
DCC0325,DCC0329,Different targets in different biological processes
DCC0325,DCC0369,Different targets in different biological processes
DCC0325,DCC0462,Different targets in different biological processes
DCC0325,DCC0628,Different targets in different biological processes
DCC0325,DCC0738,Different targets in different biological processes
DCC0325,DCC0768,Different targets in different biological processes
DCC0325,DCC0770,Different targets in different biological processes
DCC0325,DCC1122,Different targets in related biological processes
DCC0325,DCC1183,Different targets in different biological processes
DCC0325,DCC1245,Different targets in different biological processes
DCC0325,DCC1262,Different targets in related biological processes
DCC0325,DCC1351,Different targets in different biological processes
DCC0184,DCC1124,Different targets in different biological processes
DCC0184,DCC1145,Different targets in different biological processes
DCC0184,DCC1354,Different targets in different biological processes
DCC0184,DCC1454,Same target
DCC0186,DCC0256,Different targets in different biological processes
DCC0186,DCC0273,Different targets in different biological processes
DCC0186,DCC0308,Different targets in different biological processes
DCC0186,DCC0313,Different targets in different biological processes
DCC0186,DCC0388,Different targets in different biological processes
DCC0186,DCC0451,Different targets in different biological processes
DCC0186,DCC1357,Different targets in different biological processes
DCC0186,DCC1443,Different targets in different biological processes
DCC0186,DCC1525,Different targets in different biological processes
DCC0187,DCC0196,Different targets in different biological processes
DCC0187,DCC0235,Different targets in different biological processes
DCC0187,DCC0338,Different targets in different biological processes
DCC0187,DCC1010,Different targets in different biological processes
DCC0187,DCC1334,Different targets in different biological processes
DCC0187,DCC1377,Different targets in different biological processes
DCC0188,DCC1208,Different targets in different biological processes
DCC0189,DCC0191,Same target
DCC0189,DCC0245,Same target
DCC0189,DCC0295,Different targets in related biological processes
DCC0189,DCC0329,Different targets in different biological processes
DCC0189,DCC0336,Different targets in different biological processes
DCC0189,DCC0403,Different targets in related biological processes
DCC0189,DCC0416,Different targets in different biological processes
DCC0189,DCC0439,Different targets in different biological processes
DCC0189,DCC1555,Different targets in different biological processes
DCC0190,DCC0285,Inhibition of metabolism
DCC0190,DCC0352,Inhibition of metabolism
DCC0190,DCC0353,Inhibition of metabolism
DCC0190,DCC0832,Different targets in different biological processes
DCC0190,DCC1334,Different targets in different biological processes
DCC0190,DCC1377,Different targets in different biological processes
DCC0191,DCC0245,Different targets in same biological process
DCC0191,DCC0256,Different targets in same biological process
DCC0191,DCC0259,Different targets in same biological process
DCC0191,DCC0311,Different targets in same biological process
DCC0191,DCC0410,Different targets in related biological processes
DCC0191,DCC0456,Different targets in different biological processes
DCC0191,DCC0462,Different targets in different biological processes
DCC0191,DCC1120,Different targets in different biological processes
DCC0191,DCC1121,Different targets in different biological processes
DCC0191,DCC1162,Different targets in different biological processes
DCC0191,DCC1234,Different targets in different biological processes
DCC0191,DCC1522,Different targets in related biological processes
DCC0191,DCC1535,Different targets in related biological processes
DCC0191,DCC1710,Different targets in different biological processes
DCC0192,DCC0258,Different targets in related biological processes
DCC0192,DCC0316,Different targets in related biological processes
DCC0193,DCC0216,Different targets in different biological processes
DCC0193,DCC0257,Different targets in different biological processes
DCC0193,DCC0266,Different targets in different biological processes
DCC0193,DCC0297,Different targets in related biological processes
DCC0194,DCC0244,Different targets in related biological processes
DCC0194,DCC0343,Different targets in related biological processes
DCC0194,DCC1112,Different targets in related biological processes
DCC0195,DCC0196,Different targets in different biological processes
DCC0195,DCC0265,Different targets in different biological processes
DCC0196,DCC0214,Different targets in related biological processes
DCC0197,DCC0201,Different targets in different biological processes
DCC0198,DCC0260,Different targets in different biological processes
DCC0198,DCC1502,Different targets in related biological processes
DCC0199,DCC0216,Different targets in different biological processes
DCC0199,DCC0304,Different targets in different biological processes
DCC0200,DCC0257,Different targets in different biological processes
DCC0200,DCC0350,Different targets in different biological processes
DCC0200,DCC0443,Different targets in different biological processes
DCC0200,DCC0447,Different targets in different biological processes
DCC0203,DCC0234,Different targets in different biological processes
DCC0203,DCC0281,Different targets in different biological processes
DCC0203,DCC0545,Same target
DCC0203,DCC0764,Different targets in different biological processes
DCC0203,DCC0784,Different targets in different biological processes
DCC0396,DCC0406,Different targets in related biological processes
DCC0403,DCC0416,Same target
DCC0403,DCC0439,Inhibition of metabolism
DCC0403,DCC1624,Inhibition of metabolism
DCC0407,DCC1208,Different targets in different biological processes
DCC0407,DCC1740,Different targets in same biological process
DCC0408,DCC0435,Different targets in related biological processes
DCC0410,DCC1450,Different targets in different biological processes
DCC0416,DCC0439,Different targets in related biological processes
DCC0428,DCC0453,Different targets in related biological processes
DCC0431,DCC0454,Different targets in different biological processes
DCC0450,DCC1587,Different targets in different biological processes
DCC0452,DCC0454,Different targets in different biological processes
DCC0454,DCC0455,Different targets in same biological process
DCC0464,DCC0927,Different targets in related biological processes
DCC0464,DCC1333,Different targets in related biological processes
DCC0464,DCC1347,Different targets in different biological processes
DCC0464,DCC1493,Different targets in same biological process
DCC0468,DCC1400,Different targets in different biological processes
DCC0494,DCC0903,Different targets in different biological processes
DCC0494,DCC1489,Inhibition of metabolism
DCC0520,DCC0585,Different targets in different biological processes
DCC0520,DCC1181,Different targets in different biological processes
DCC0545,DCC1127,Different targets in different biological processes
DCC0545,DCC1165,Different targets in different biological processes
DCC0551,DCC1227,Different targets in same biological process
DCC0552,DCC1479,Different targets in different biological processes
DCC0585,DCC1181,Different targets in different biological processes
DCC0590,DCC1446,Different targets in related biological processes
DCC0603,DCC0834,Different targets in related biological processes
DCC0612,DCC1221,Different targets in different biological processes
DCC0630,DCC1121,Different targets in different biological processes
DCC0630,DCC1162,Different targets in different biological processes
DCC0630,DCC1357,Different targets in different biological processes
DCC0652,DCC1353,Different targets in different biological processes
DCC0666,DCC1224,Different targets in related biological processes
DCC0684,DCC1390,Different targets in related biological processes
DCC0705,DCC0850,Same target
DCC0705,DCC1482,Different targets in different biological processes
DCC0717,DCC1443,Different targets in different biological processes
DCC0723,DCC0932,Different targets in different biological processes
DCC0723,DCC1537,Different targets in different biological processes
DCC0738,DCC1584,Different targets in related biological processes
DCC0741,DCC1133,Different targets in related biological processes
DCC0769,DCC0912,Different targets in related biological processes
DCC0769,DCC1493,Different targets in related biological processes
DCC0770,DCC1434,Different targets in related biological processes
DCC0787,DCC1417,Different targets in different biological processes
DCC0787,DCC1628,Different targets in different biological processes
DCC0793,DCC0907,anti-acid in blood
DCC0802,DCC1489,Different targets in different biological processes
DCC0802,DCC1552,Different targets in different biological processes
DCC0810,DCC1503,Different targets in related biological processes
DCC0811,DCC1690,Different targets in related biological processes
DCC0811,DCC1743,Different targets in different biological processes
DCC0818,DCC1231,Different targets in related biological processes
DCC0818,DCC1380,Different targets in related biological processes
DCC0832,DCC1334,Different targets in different biological processes
DCC0832,DCC1377,Different targets in different biological processes
DCC0849,DCC1354,Different targets in different biological processes
DCC0849,DCC1542,Different targets in related biological processes
DCC0868,DCC1454,Different targets in different biological processes
DCC0868,DCC1495,Different targets in different biological processes
DCC0875,DCC1338,Different targets in different biological processes
DCC0881,DCC1097,Different targets in related biological processes
DCC0886,DCC1431,Different targets in different biological processes
DCC0893,DCC1500,Inhibition of metabolism
DCC0909,DCC1622,Different targets in different biological processes
DCC0912,DCC1493,Different targets in related biological processes
DCC0920,DCC1238,Different targets in related biological processes
DCC0990,DCC1259,Different targets in related biological processes
DCC0990,DCC1412,Different targets in related biological processes
DCC1040,DCC1450,Different targets in related biological processes
DCC1040,DCC1466,Different targets in related biological processes
DCC1046,DCC1542,Same target
DCC1098,DCC1197,Different targets in related biological processes
DCC1108,DCC1381,Different targets in different biological processes
DCC1116,DCC1478,Different targets in related biological processes
DCC1116,DCC1507,Different targets in related biological processes
DCC1116,DCC1508,Different targets in related biological processes
DCC1116,DCC1539,Different targets in related biological processes
DCC1117,DCC1137,Different targets in related biological processes
DCC1120,DCC1121,Different targets in related biological processes
DCC1121,DCC1138,Different targets in different biological processes
DCC1121,DCC1162,Same target
DCC1121,DCC1357,Different targets in different biological processes
DCC1121,DCC1461,Different targets in different biological processes
DCC1121,DCC1471,Different targets in different biological processes
DCC1124,DCC1354,Different targets in different biological processes
DCC1124,DCC1560,Different targets in related biological processes
DCC1124,DCC1680,Different targets in related biological processes
DCC1124,DCC1749,Same target
DCC1126,DCC1165,Different targets in related biological processes
DCC1133,DCC1569,Same target
DCC1138,DCC1357,Different targets in different biological processes
DCC1138,DCC1443,Different targets in different biological processes
DCC1138,DCC1471,Different targets in different biological processes
DCC1140,DCC1454,Different targets in related biological processes
DCC1143,DCC1454,Different targets in different biological processes
DCC1143,DCC1468,Different targets in different biological processes
DCC1145,DCC1454,Different targets in different biological processes
DCC1149,DCC1477,Different targets in different biological processes
DCC1149,DCC1693,Different targets in related biological processes
DCC1160,DCC1703,Different targets in related biological processes
DCC1162,DCC1357,Different targets in different biological processes
DCC1164,DCC1205,Different targets in related biological processes
DCC1165,DCC1417,Different targets in different biological processes
DCC1165,DCC1628,Different targets in different biological processes
DCC1166,DCC1411,Different targets in different biological processes
DCC1183,DCC1454,Different targets in different biological processes
DCC1188,DCC1258,Different targets in related biological processes
DCC1203,DCC1521,Different targets in different biological processes
DCC1204,DCC1595,Different targets in related biological processes
DCC1207,DCC1498,Same target
DCC1208,DCC1377,Different targets in different biological processes
DCC1218,DCC1541,Different targets in same biological process
DCC1218,DCC1546,Different targets in same biological process
DCC1231,DCC1293,Different targets in same biological process
DCC1231,DCC1414,Different targets in related biological processes
DCC1231,DCC1524,Different targets in same biological process
DCC1231,DCC1541,Different targets in same biological process
DCC1234,DCC1321,Different targets in different biological processes
DCC1234,DCC1417,Different targets in related biological processes
DCC1234,DCC1522,Different targets in different biological processes
DCC1239,DCC1332,Same target
DCC1239,DCC1365,Same target
DCC1239,DCC1661,Different targets in different biological processes
DCC1242,DCC1314,Different targets in different biological processes
DCC1244,DCC1329,Same target
DCC1247,DCC1530,Same target
DCC1252,DCC1479,Different targets in related biological processes
DCC1252,DCC1488,Same target
DCC1259,DCC1412,Different targets in related biological processes
DCC1259,DCC1614,Different targets in related biological processes
DCC1262,DCC1351,Different targets in related biological processes
DCC1273,DCC1593,Same target
DCC1280,DCC1368,Same target
DCC1285,DCC1446,Same target
DCC1288,DCC1556,Different targets in different biological processes
DCC1293,DCC1414,Different targets in related biological processes
DCC1293,DCC1524,Different targets in same biological process
DCC1297,DCC1453,Different targets in different biological processes
DCC1321,DCC1417,Different targets in different biological processes
DCC1330,DCC1339,Different targets in different biological processes
DCC1332,DCC1365,Same target
DCC1332,DCC1661,Different targets in same biological process
DCC1333,DCC1493,Different targets in different biological processes
DCC1334,DCC1377,Different targets in different biological processes
DCC1345,DCC1524,Different targets in related biological processes
DCC1351,DCC1434,Different targets in related biological processes
DCC1351,DCC1702,Different targets in related biological processes
DCC1353,DCC1728,Different targets in different biological processes
DCC1356,DCC1395,Different targets in related biological processes
DCC1356,DCC1501,Different targets in related biological processes
DCC1357,DCC1471,Same target
DCC1361,DCC1507,Different targets in related biological processes
DCC1361,DCC1595,Different targets in related biological processes
DCC1363,DCC1577,Different targets in different biological processes
DCC1363,DCC1589,Different targets in different biological processes
DCC1365,DCC1661,Different targets in related biological processes
DCC1367,DCC1515,Same target
DCC1384,DCC1599,Same target
DCC1384,DCC1662,Different targets in different biological processes
DCC1384,DCC1723,Same target
DCC1390,DCC1520,Different targets in related biological processes
DCC1390,DCC1666,Same target
DCC1395,DCC1501,Different targets in different biological processes
DCC1399,DCC1495,Different targets in related biological processes
DCC1399,DCC1601,Different targets in related biological processes
DCC1414,DCC1524,Different targets in related biological processes
DCC1417,DCC1628,Same target
DCC1434,DCC1702,Different targets in related biological processes
DCC1437,DCC1473,Different targets in related biological processes
DCC1450,DCC1539,Different targets in related biological processes
DCC1454,DCC1468,Different targets in different biological processes
DCC1465,DCC1481,Different targets in related biological processes
DCC1474,DCC1478,Different targets in different biological processes
DCC1478,DCC1507,Different targets in different biological processes
DCC1478,DCC1508,Different targets in different biological processes
DCC1478,DCC1728,Different targets in different biological processes
DCC1479,DCC1488,Different targets in related biological processes
DCC1488,DCC1498,Different targets in related biological processes
DCC1489,DCC1658,Different targets in different biological processes
DCC1495,DCC1601,Different targets in different biological processes
DCC1507,DCC1508,Different targets in related biological processes
DCC1523,DCC1679,Different targets in related biological processes
DCC1524,DCC1551,Different targets in related biological processes
DCC1535,DCC1710,Different targets in different biological processes
DCC1541,DCC1546,Same target
DCC1542,DCC1686,Different targets in related biological processes
DCC1546,DCC1574,Different targets in related biological processes
DCC1559,DCC1584,Different targets in related biological processes
DCC1577,DCC1589,Different targets in related biological processes
DCC1587,DCC1659,Different targets in different biological processes
DCC1677,DCC1689,Different targets in related biological processes
DCC1677,DCC1705,Different targets in related biological processes
DCC0093,DCC1844,Different targets in different biological processes
DCC0024,DCC1857,Different targets in related biological processes
DCC0193,DCC0325,Different targets in different biological processes
DCC0252,DCC1301,Different targets in related biological processes
DCC1188,DCC1858,Different targets in different biological processes
DCC0237,DCC0282,Different targets in related biological processes
DCC1854,DCC1855,Same target
DCC0290,DCC1577,Different targets in different biological processes
DCC1285,DCC1846,Different targets in related biological processes
DCC0149,DCC0257,Different targets in different biological processes
DCC1579,DCC1705,Same target
DCC0180,DCC1112,Different targets in same biological process
DCC0040,DCC0151,Different targets in different biological processes
DCC0373,DCC1847,Different targets in related biological processes
DCC0043,DCC0177,Same target
DCC0193,DCC1813,Different targets in different biological processes
DCC0237,DCC1705,Different targets in related biological processes
DCC0140,DCC0257,Different targets in different biological processes
DCC0035,DCC1844,Different targets in different biological processes
DCC0040,DCC0193,Different targets in different biological processes
DCC0101,DCC1824,Different targets in different biological processes
DCC1815,DCC1851,Same target
DCC0057,DCC0885,Different targets in related biological processes
DCC1810,DCC0214,Different targets in related biological processes
DCC0863,DCC1577,Different targets in related biological processes
DCC0337,DCC1852,Different targets in related biological processes
DCC0040,DCC0143,Different targets in different biological processes
DCC0587,DCC1183,Different targets in different biological processes
DCC0106,DCC0314,Different targets in related biological processes
DCC1816,DCC1838,Different targets in related biological processes
DCC0863,DCC1840,Different targets in related biological processes
DCC0075,DCC0282,Different targets in related biological processes
DCC0075,DCC0298,Different targets in different biological processes
DCC0240,DCC0243,Different targets in related biological processes
DCC1846,DCC1852,Different targets in related biological processes
DCC1704,DCC1834,Same target
DCC0296,DCC1820,Different targets in different biological processes
DCC0252,DCC1241,Different targets in related biological processes
DCC0266,DCC1844,Different targets in different biological processes
DCC0155,DCC1853,Same target
DCC0071,DCC0552,Different targets in different biological processes
DCC0155,DCC1861,Same target
DCC1830,DCC1852,Different targets in related biological processes
DCC0047,DCC1811,Different targets in related biological processes
DCC1817,DCC1827,Different targets in different biological processes
DCC1577,DCC1840,Different targets in different biological processes
DCC0047,DCC1852,Different targets in related biological processes
DCC0160,DCC0240,Different targets in related biological processes
DCC0075,DCC1849,Different targets in related biological processes
DCC0116,DCC0232,Different targets in related biological processes
DCC0196,DCC1377,Different targets in different biological processes
DCC0036,DCC0047,Different targets in related biological processes
DCC0244,DCC0252,Different targets in related biological processes
DCC0135,DCC1822,Different targets in same biological process
DCC0237,DCC1579,Different targets in related biological processes
DCC0083,DCC0272,Different targets in different biological processes
DCC0184,DCC1813,Different targets in different biological processes
DCC1850,DCC1852,Different targets in related biological processes
DCC0051,DCC0298,Different targets in different biological processes
DCC0196,DCC0289,Different targets in different biological processes
DCC0257,DCC0325,Different targets in different biological processes
DCC0240,DCC1191,Different targets in different biological processes
DCC0257,DCC1828,Different targets in different biological processes
DCC0155,DCC1246,Different targets in different biological processes
DCC1852,DCC1856,Different targets in related biological processes
DCC0184,DCC1860,Different targets in different biological processes
DCC0159,DCC0368,Different targets in different biological processes
DCC0207,DCC0340,Different targets in related biological processes
DCC0180,DCC0194,Different targets in related biological processes
DCC1838,DCC1852,Different targets in related biological processes
DCC0072,DCC0260,Different targets in related biological processes
DCC1188,DCC1615,Different targets in related biological processes
DCC0224,DCC1833,Different targets in different biological processes
DCC0184,DCC0187,Different targets in different biological processes
DCC0260,DCC1455,Different targets in related biological processes
DCC0184,DCC0195,Different targets in different biological processes
DCC1838,DCC1842,Different targets in related biological processes
DCC0216,DCC0277,Different targets in related biological processes
DCC0216,DCC0278,Different targets in different biological processes
DCC0216,DCC0348,Different targets in related biological processes
DCC0216,DCC1149,Different targets in related biological processes
DCC0216,DCC1468,Different targets in different biological processes
DCC0216,DCC1477,Different targets in different biological processes
DCC0216,DCC1560,Different targets in different biological processes
DCC0216,DCC1662,Different targets in different biological processes
DCC0217,DCC0253,Different targets in different biological processes
DCC0218,DCC0223,Different targets in related biological processes
DCC0218,DCC0348,Different targets in related biological processes
DCC0218,DCC1149,Different targets in related biological processes
DCC0218,DCC1161,Different targets in related biological processes
DCC0218,DCC1249,Same target
DCC0218,DCC1477,Different targets in different biological processes
DCC0218,DCC1693,Different targets in related biological processes
DCC0219,DCC1395,Different targets in related biological processes
DCC0221,DCC0285,Different targets in different biological processes
DCC0222,DCC0260,Different targets in different biological processes
DCC0223,DCC0381,Different targets in different biological processes
DCC0223,DCC0427,Different targets in different biological processes
DCC0223,DCC1137,Different targets in different biological processes
DCC0223,DCC1149,Different targets in related biological processes
DCC0223,DCC1161,Different targets in related biological processes
DCC0223,DCC1396,Different targets in different biological processes
DCC0225,DCC0228,Same target
DCC0225,DCC0351,Different targets in related biological processes
DCC0225,DCC0494,Inhibition of metabolism
DCC0225,DCC0802,Different targets in related biological processes
DCC0225,DCC0903,Different targets in related biological processes
DCC0225,DCC1489,Different targets in related biological processes
DCC0226,DCC0260,Different targets in different biological processes
DCC0227,DCC0337,Different targets in related biological processes
DCC0228,DCC0242,Different targets in different biological processes
DCC0228,DCC0280,Different targets in related biological processes
DCC0228,DCC0324,Different targets in different biological processes
DCC0228,DCC0351,Different targets in different biological processes
DCC0228,DCC1489,Different targets in different biological processes
DCC0231,DCC0258,Same target
DCC0233,DCC1124,Different targets in related biological processes
DCC0233,DCC1567,Different targets in related biological processes
DCC0234,DCC1165,Different targets in different biological processes
DCC0234,DCC1436,Different targets in related biological processes
DCC0235,DCC0285,Different targets in different biological processes
DCC0235,DCC0318,Different targets in different biological processes
DCC0235,DCC0319,Different targets in different biological processes
DCC0235,DCC0338,Different targets in related biological processes
DCC0235,DCC0547,Different targets in different biological processes
DCC0235,DCC1010,Different targets in different biological processes
DCC0235,DCC1377,Different targets in different biological processes
DCC0236,DCC0312,Different targets in same biological process
DCC0236,DCC1590,Same target
DCC0237,DCC0272,Different targets in different biological processes
DCC0238,DCC1411,Different targets in different biological processes
DCC0239,DCC0255,Same target
DCC0239,DCC0738,Same target
DCC0239,DCC0969,Different targets in different biological processes
DCC0239,DCC1131,Different targets in different biological processes
DCC0240,DCC0251,Different targets in related biological processes
DCC0240,DCC0278,Different targets in different biological processes
DCC0240,DCC0290,Different targets in different biological processes
DCC0240,DCC0296,Different targets in related biological processes
DCC0240,DCC0303,Different targets in different biological processes
DCC0240,DCC0310,Different targets in different biological processes
DCC0240,DCC0325,Different targets in different biological processes
DCC0240,DCC0346,Different targets in related biological processes
DCC0240,DCC0628,Different targets in different biological processes
DCC0240,DCC1377,Different targets in different biological processes
DCC0240,DCC1390,Different targets in related biological processes
DCC0240,DCC1520,Different targets in related biological processes
DCC0240,DCC1666,Different targets in related biological processes
DCC0240,DCC1719,Different targets in related biological processes
DCC0240,DCC1744,Different targets in different biological processes
DCC0240,DCC1745,Different targets in different biological processes
DCC0241,DCC0272,Different targets in different biological processes
DCC0241,DCC1351,Different targets in different biological processes
DCC0242,DCC0266,Different targets in different biological processes
DCC0242,DCC0280,Different targets in different biological processes
DCC0242,DCC0281,Different targets in different biological processes
DCC0242,DCC0324,Different targets in related biological processes
DCC0242,DCC0432,Different targets in different biological processes
DCC0242,DCC1534,Different targets in different biological processes
DCC0243,DCC0282,Different targets in related biological processes
DCC0243,DCC0298,Different targets in related biological processes
DCC0245,DCC0259,Same target
DCC0245,DCC0323,Different targets in different biological processes
DCC0245,DCC0329,Different targets in different biological processes
DCC0245,DCC0532,Different targets in different biological processes
DCC0245,DCC0622,Same target
DCC0245,DCC0634,Different targets in different biological processes
DCC0245,DCC0652,Different targets in different biological processes
DCC0245,DCC0945,Different targets in different biological processes
DCC0245,DCC1443,Same target
DCC0246,DCC0373,Different targets in different biological processes
DCC0247,DCC0251,Different targets in different biological processes
DCC0247,DCC0260,Different targets in different biological processes
DCC0247,DCC1390,Different targets in different biological processes
DCC0249,DCC0260,Different targets in different biological processes
DCC0250,DCC0276,Different targets in different biological processes
DCC0250,DCC0290,Different targets in related biological processes
DCC0250,DCC0294,Different targets in related biological processes
DCC0250,DCC1494,Different targets in related biological processes
DCC0252,DCC0343,Different targets in related biological processes
DCC0252,DCC1136,Different targets in related biological processes
DCC0252,DCC1221,Different targets in different biological processes
DCC0252,DCC1699,Different targets in related biological processes
DCC0255,DCC0321,Different targets in related biological processes
DCC0255,DCC1131,Different targets in different biological processes
DCC0255,DCC1393,Different targets in related biological processes
DCC0255,DCC1422,Same target
DCC0255,DCC1584,Different targets in related biological processes
DCC0256,DCC0273,Different targets in related biological processes
DCC0325,DCC1427,Different targets in related biological processes
DCC0325,DCC1434,Different targets in related biological processes
DCC0325,DCC1584,Different targets in different biological processes
DCC0325,DCC1702,Different targets in related biological processes
DCC0325,DCC1736,Different targets in different biological processes
DCC0325,DCC1737,Different targets in different biological processes
DCC0325,DCC1745,Different targets in different biological processes
DCC0329,DCC0330,Different targets in different biological processes
DCC0329,DCC0332,Different targets in different biological processes
DCC0329,DCC0634,Different targets in different biological processes
DCC0329,DCC0639,Different targets in different biological processes
DCC0329,DCC0652,Different targets in different biological processes
DCC0329,DCC0770,Different targets in different biological processes
DCC0329,DCC0853,Different targets in different biological processes
DCC0329,DCC1120,Different targets in different biological processes
DCC0329,DCC1657,Different targets in different biological processes
DCC0329,DCC1681,Different targets in different biological processes
DCC0329,DCC1736,Different targets in different biological processes
DCC0332,DCC0777,Different targets in related biological processes
DCC0333,DCC0811,Different targets in related biological processes
DCC0333,DCC1124,Different targets in related biological processes
DCC0333,DCC1133,Different targets in related biological processes
DCC0333,DCC1560,Different targets in related biological processes
DCC0333,DCC1690,Different targets in related biological processes
DCC0333,DCC1743,Different targets in related biological processes
DCC0334,DCC0390,Different targets in related biological processes
DCC0334,DCC0717,Different targets in different biological processes
DCC0335,DCC1479,Different targets in different biological processes
DCC0336,DCC1127,Different targets in different biological processes
DCC0338,DCC1334,Different targets in different biological processes
DCC0339,DCC0464,Different targets in different biological processes
DCC0339,DCC0769,Different targets in different biological processes
DCC0339,DCC1493,Different targets in different biological processes
DCC0342,DCC1478,Different targets in different biological processes
DCC0344,DCC0413,Different targets in different biological processes
DCC0345,DCC0434,Different targets in different biological processes
DCC0348,DCC0437,Different targets in different biological processes
DCC0348,DCC1149,Different targets in related biological processes
DCC0348,DCC1249,Different targets in related biological processes
DCC0348,DCC1390,Different targets in different biological processes
DCC0348,DCC1466,Different targets in different biological processes
DCC0348,DCC1477,Different targets in different biological processes
DCC0349,DCC0350,Inhibition of metabolism
DCC0350,DCC0413,Different targets in different biological processes
DCC0351,DCC0802,Different targets in different biological processes
DCC0351,DCC1489,Different targets in related biological processes
DCC0351,DCC1726,Different targets in different biological processes
DCC0352,DCC0413,Different targets in different biological processes
DCC0354,DCC0375,Different targets in related biological processes
DCC0354,DCC0377,Same target
DCC0357,DCC0404,Different targets in different biological processes
DCC0361,DCC1138,Different targets in different biological processes
DCC0361,DCC1443,Different targets in related biological processes
DCC0364,DCC0401,Different targets in related biological processes
DCC0367,DCC0397,Different targets in different biological processes
DCC0368,DCC0428,Different targets in different biological processes
DCC0368,DCC0453,Different targets in different biological processes
DCC0371,DCC1124,Different targets in related biological processes
DCC0371,DCC1644,Different targets in related biological processes
DCC0372,DCC0374,Different targets in different biological processes
DCC0372,DCC0423,Different targets in different biological processes
DCC0372,DCC0769,Different targets in different biological processes
DCC0372,DCC1333,Different targets in different biological processes
DCC0374,DCC1333,Different targets in different biological processes
DCC0380,DCC0456,Different targets in different biological processes
DCC0382,DCC0445,Same target
DCC0383,DCC0464,Different targets in different biological processes
DCC0256,DCC0308,Different targets in different biological processes
DCC0256,DCC0325,Different targets in different biological processes
DCC0256,DCC0394,Different targets in different biological processes
DCC0256,DCC0456,Different targets in different biological processes
DCC0256,DCC0469,Different targets in different biological processes
DCC0256,DCC0630,Different targets in different biological processes
DCC0256,DCC1017,Different targets in related biological processes
DCC0256,DCC1121,Different targets in different biological processes
DCC0256,DCC1138,Different targets in different biological processes
DCC0123,DCC0128,Different targets in related biological processes
DCC0123,DCC0131,Different targets in related biological processes
DCC0123,DCC0153,Different targets in related biological processes
DCC0123,DCC0156,Different targets in different biological processes
DCC0123,DCC0158,Different targets in related biological processes
DCC0123,DCC0173,Different targets in different biological processes
DCC0123,DCC0191,Different targets in related biological processes
DCC0123,DCC0216,Different targets in different biological processes
DCC0123,DCC0245,Same target
DCC0123,DCC0256,Same target
DCC0123,DCC0259,Same target
DCC0123,DCC0277,Different targets in different biological processes
DCC0123,DCC0278,Same target
DCC0123,DCC0288,Different targets in related biological processes
DCC0123,DCC0295,Different targets in related biological processes
DCC0123,DCC0323,Different targets in different biological processes
DCC0123,DCC0325,Different targets in different biological processes
DCC0123,DCC0329,Different targets in different biological processes
DCC0123,DCC0332,Different targets in different biological processes
DCC0123,DCC0640,Different targets in different biological processes
DCC0123,DCC0904,Different targets in different biological processes
DCC0123,DCC0949,Same target
DCC0123,DCC1084,Different targets in different biological processes
DCC0123,DCC1106,Different targets in different biological processes
DCC0123,DCC1121,Different targets in different biological processes
DCC0123,DCC1138,Different targets in different biological processes
DCC0123,DCC1162,Different targets in different biological processes
DCC0123,DCC1357,Same target
DCC0123,DCC1454,Different targets in different biological processes
DCC0123,DCC1468,Same target
DCC0123,DCC1471,Same target
DCC0124,DCC0172,Different targets in different biological processes
DCC0124,DCC0184,Different targets in different biological processes
DCC0124,DCC0266,Different targets in related biological processes
DCC0124,DCC0272,Different targets in different biological processes
DCC0124,DCC0279,Same target
DCC0124,DCC0325,Different targets in different biological processes
DCC0125,DCC0323,Different targets in different biological processes
DCC0126,DCC0156,Different targets in different biological processes
DCC0126,DCC0191,Different targets in different biological processes
DCC0126,DCC0259,Different targets in different biological processes
DCC0126,DCC0271,Different targets in different biological processes
DCC0126,DCC0277,Different targets in different biological processes
DCC0126,DCC0278,Different targets in different biological processes
DCC0126,DCC0311,Different targets in different biological processes
DCC0126,DCC0325,Different targets in different biological processes
DCC0126,DCC0949,Different targets in different biological processes
DCC0126,DCC1084,Different targets in different biological processes
DCC0126,DCC1129,Different targets in different biological processes
DCC0127,DCC0260,Different targets in different biological processes
DCC0128,DCC0131,Same target
DCC0128,DCC0162,Same target
DCC0128,DCC0189,Same target
DCC0128,DCC0245,Same target
DCC0128,DCC0259,Same target
DCC0128,DCC0295,Same target
DCC0128,DCC0307,Different targets in related biological processes
DCC0128,DCC0323,Different targets in different biological processes
DCC0128,DCC0329,Different targets in different biological processes
DCC0128,DCC0336,Different targets in different biological processes
DCC0128,DCC0360,Different targets in related biological processes
DCC0128,DCC0457,Same target
DCC0128,DCC0634,Different targets in different biological processes
DCC0128,DCC1164,Different targets in different biological processes
DCC0128,DCC1165,Different targets in different biological processes
DCC0128,DCC1555,Different targets in different biological processes
DCC0129,DCC0132,Different targets in related biological processes
DCC0129,DCC0192,Same target
DCC0129,DCC1367,Different targets in related biological processes
DCC0130,DCC0200,Different targets in different biological processes
DCC0130,DCC0304,Different targets in different biological processes
DCC0130,DCC0350,Different targets in different biological processes
DCC0131,DCC0156,Different targets in different biological processes
DCC0131,DCC0157,Different targets in different biological processes
DCC0131,DCC0162,Different targets in different biological processes
DCC0131,DCC0186,Different targets in different biological processes
DCC0131,DCC0216,Different targets in different biological processes
DCC0131,DCC0218,Different targets in different biological processes
DCC0131,DCC0256,Different targets in related biological processes
DCC0131,DCC0273,Different targets in same biological process
DCC0131,DCC0301,Different targets in different biological processes
DCC0131,DCC0308,Different targets in different biological processes
DCC0131,DCC0868,Different targets in different biological processes
DCC0131,DCC1143,Different targets in different biological processes
DCC0131,DCC1183,Different targets in different biological processes
DCC0131,DCC1357,Different targets in related biological processes
DCC0131,DCC1399,Different targets in different biological processes
DCC0131,DCC1454,Different targets in different biological processes
DCC0131,DCC1495,Different targets in same biological process
DCC0131,DCC1525,Different targets in related biological processes
DCC0131,DCC1564,Different targets in different biological processes
DCC0131,DCC1601,Different targets in different biological processes
DCC0131,DCC1676,Different targets in different biological processes
DCC0131,DCC1692,Different targets in different biological processes
DCC0132,DCC0258,Different targets in related biological processes
DCC0133,DCC0309,Different targets in different biological processes
DCC0134,DCC0169,Different targets in related biological processes
DCC0134,DCC0260,Different targets in different biological processes
DCC0134,DCC1386,Different targets in related biological processes
DCC0135,DCC0183,Different targets in same biological process
DCC0135,DCC0291,Different targets in related biological processes
DCC0136,DCC0154,Different targets in related biological processes
DCC0137,DCC0198,Different targets in related biological processes
DCC0137,DCC0260,Different targets in different biological processes
DCC0137,DCC0269,Different targets in related biological processes
DCC0137,DCC0283,Different targets in related biological processes
DCC0137,DCC1509,Different targets in related biological processes
DCC0138,DCC0187,Different targets in different biological processes
DCC0138,DCC0232,Different targets in related biological processes
DCC0138,DCC0238,Different targets in different biological processes
DCC0138,DCC0282,Same target
DCC0138,DCC1011,Different targets in different biological processes
DCC0139,DCC0216,Different targets in related biological processes
DCC0139,DCC0239,Different targets in related biological processes
DCC0139,DCC0255,Different targets in related biological processes
DCC0139,DCC0318,Different targets in different biological processes
DCC0139,DCC0969,Different targets in related biological processes
DCC0139,DCC1131,Different targets in different biological processes
DCC0139,DCC1285,Different targets in related biological processes
DCC0139,DCC1446,Different targets in related biological processes
DCC0139,DCC1459,Different targets in related biological processes
DCC0140,DCC0172,Different targets in different biological processes
DCC0140,DCC0186,Different targets in different biological processes
DCC0140,DCC0388,Different targets in different biological processes
DCC0142,DCC0157,Different targets in different biological processes
DCC0142,DCC0247,Different targets in different biological processes
DCC0142,DCC0260,Different targets in same biological process
DCC0143,DCC0184,Different targets in different biological processes
DCC0143,DCC0193,Different targets in different biological processes
DCC0144,DCC0242,Different targets in different biological processes
DCC0144,DCC0280,Different targets in different biological processes
DCC0144,DCC0319,Different targets in different biological processes
DCC0145,DCC0247,Different targets in related biological processes
DCC0145,DCC0260,Different targets in different biological processes
DCC0146,DCC0339,Different targets in different biological processes
DCC0146,DCC0464,Different targets in related biological processes
DCC0146,DCC1347,Different targets in related biological processes
DCC0146,DCC1493,Different targets in related biological processes
DCC0147,DCC0212,Different targets in related biological processes
DCC0147,DCC0242,Different targets in different biological processes
DCC0147,DCC0273,Different targets in related biological processes
DCC0148,DCC0215,Different targets in different biological processes
DCC0148,DCC0223,Different targets in different biological processes
DCC0148,DCC0256,Different targets in different biological processes
DCC0148,DCC0295,Different targets in different biological processes
DCC0148,DCC0361,Different targets in different biological processes
DCC0148,DCC0384,Different targets in related biological processes
DCC0148,DCC1165,Different targets in different biological processes
DCC0149,DCC0159,Different targets in different biological processes
DCC0150,DCC0161,Same target
DCC0150,DCC0179,Same target
DCC0150,DCC0225,Same target
DCC0150,DCC0228,Different targets in related biological processes
DCC0150,DCC0242,Different targets in different biological processes
DCC0150,DCC0280,Same target
DCC0150,DCC0281,Same target
DCC0150,DCC0351,Different targets in different biological processes
DCC0151,DCC0184,Different targets in different biological processes
DCC0151,DCC0193,Different targets in same biological process
DCC0151,DCC0257,Different targets in different biological processes
DCC0152,DCC0157,Different targets in related biological processes
DCC0152,DCC0240,Different targets in related biological processes
DCC0152,DCC0250,Different targets in different biological processes
DCC0152,DCC0294,Different targets in related biological processes
DCC0152,DCC0448,Different targets in same biological process
DCC0153,DCC0191,Different targets in related biological processes
DCC0153,DCC0256,Different targets in related biological processes
DCC0154,DCC0408,Different targets in related biological processes
DCC0154,DCC0433,Same target
DCC0154,DCC0459,Different targets in related biological processes
DCC0155,DCC0216,Different targets in different biological processes
DCC0156,DCC0173,Different targets in related biological processes
DCC0156,DCC0191,Different targets in different biological processes
DCC0156,DCC0218,Different targets in related biological processes
DCC0156,DCC0223,Different targets in related biological processes
DCC0156,DCC0240,Different targets in related biological processes
DCC0156,DCC0241,Different targets in related biological processes
DCC0156,DCC0259,Different targets in different biological processes
DCC0156,DCC0277,Different targets in related biological processes
DCC0156,DCC0278,Different targets in different biological processes
DCC0156,DCC0304,Different targets in different biological processes
DCC0156,DCC0325,Same target
DCC0156,DCC0329,Different targets in different biological processes
DCC0156,DCC0330,Different targets in different biological processes
DCC0156,DCC0613,Different targets in different biological processes
DCC0156,DCC0634,Different targets in different biological processes
DCC0156,DCC0639,Different targets in different biological processes
DCC0156,DCC0949,Different targets in different biological processes
DCC0156,DCC1084,Different targets in different biological processes
DCC0156,DCC1149,Different targets in related biological processes
DCC0156,DCC1234,Different targets in different biological processes
DCC0156,DCC1351,Different targets in different biological processes
DCC0156,DCC1454,Same target
DCC0156,DCC1468,Different targets in different biological processes
DCC0156,DCC1522,Different targets in different biological processes
DCC0156,DCC1535,Different targets in different biological processes
DCC0156,DCC1649,Different targets in related biological processes
DCC0156,DCC1707,Different targets in different biological processes
DCC0157,DCC0247,Different targets in different biological processes
DCC0157,DCC0250,Different targets in related biological processes
DCC0157,DCC0276,Different targets in related biological processes
DCC0157,DCC0290,Same target
DCC0157,DCC0294,Same target
DCC0157,DCC1140,Different targets in related biological processes
DCC0157,DCC1191,Same target
DCC0157,DCC1676,Different targets in related biological processes
DCC0158,DCC0245,Different targets in related biological processes
DCC0158,DCC0329,Different targets in different biological processes
DCC0158,DCC0596,Different targets in related biological processes
DCC0158,DCC0634,Different targets in related biological processes
DCC0159,DCC0200,Different targets in related biological processes
DCC0159,DCC0443,Different targets in different biological processes
DCC0161,DCC0179,Same target
DCC0161,DCC0280,Same target
DCC0161,DCC1200,Different targets in related biological processes
DCC0162,DCC0189,Different targets in related biological processes
DCC0162,DCC0329,Different targets in different biological processes
DCC0162,DCC0336,Different targets in different biological processes
DCC0162,DCC0634,Different targets in different biological processes
DCC0162,DCC1555,Different targets in different biological processes
DCC0163,DCC0312,Same target
DCC0164,DCC0314,Different targets in related biological processes
DCC0165,DCC1574,Different targets in related biological processes
DCC0166,DCC0184,Different targets in related biological processes
DCC0166,DCC0185,Different targets in related biological processes
DCC0166,DCC0204,Different targets in related biological processes
DCC0166,DCC0417,Different targets in related biological processes
DCC0166,DCC0920,Same target
DCC0166,DCC0990,Different targets in related biological processes
DCC0166,DCC1145,Different targets in different biological processes
DCC0166,DCC1238,Different targets in related biological processes
DCC0166,DCC1259,Different targets in related biological processes
DCC0166,DCC1412,Same target
DCC0203,DCC0897,Different targets in related biological processes
DCC0203,DCC0979,Different targets in different biological processes
DCC0203,DCC1060,Different targets in different biological processes
DCC0203,DCC1126,Different targets in different biological processes
DCC0203,DCC1127,Different targets in different biological processes
DCC0203,DCC1144,Different targets in different biological processes
DCC0203,DCC1165,Different targets in different biological processes
DCC0203,DCC1302,Different targets in different biological processes
DCC0203,DCC1524,Different targets in different biological processes
DCC0203,DCC1648,Different targets in different biological processes
DCC0203,DCC1658,Different targets in different biological processes
DCC0204,DCC0209,Different targets in related biological processes
DCC0204,DCC0246,Different targets in related biological processes
DCC0204,DCC1353,Different targets in related biological processes
DCC0205,DCC0285,Different targets in different biological processes
DCC0206,DCC0320,Different targets in related biological processes
DCC0206,DCC0327,Different targets in related biological processes
DCC0206,DCC1353,Same target
DCC0206,DCC1432,Different targets in related biological processes
DCC0207,DCC0252,Different targets in related biological processes
DCC0210,DCC0214,Different targets in related biological processes
DCC0212,DCC0242,Different targets in different biological processes
DCC0214,DCC0221,Different targets in different biological processes
DCC0214,DCC0241,Different targets in related biological processes
DCC0214,DCC0248,Different targets in related biological processes
DCC0214,DCC0282,Different targets in related biological processes
DCC0214,DCC0285,Different targets in different biological processes
DCC0214,DCC0298,Different targets in related biological processes
DCC0214,DCC0463,Different targets in related biological processes
DCC0215,DCC0361,Different targets in different biological processes
DCC0215,DCC0411,Different targets in different biological processes
DCC0215,DCC1417,Different targets in related biological processes
DCC0216,DCC0251,Different targets in different biological processes
DCC0216,DCC0257,Different targets in different biological processes
DCC0049,DCC0116,Different targets in related biological processes
DCC0049,DCC0138,Different targets in related biological processes
DCC0049,DCC0160,Different targets in related biological processes
DCC0049,DCC0163,Different targets in related biological processes
DCC0049,DCC0214,Different targets in related biological processes
DCC0049,DCC0221,Different targets in different biological processes
DCC0049,DCC0240,Same target
DCC0049,DCC0265,Same target
DCC0049,DCC0282,Same target
DCC0049,DCC0285,Different targets in different biological processes
DCC0049,DCC0346,Different targets in related biological processes
DCC0049,DCC0944,Different targets in related biological processes
DCC0050,DCC0117,Different targets in different biological processes
DCC0050,DCC0157,Different targets in different biological processes
DCC0050,DCC0158,Different targets in different biological processes
DCC0050,DCC0189,Different targets in different biological processes
DCC0050,DCC0329,Different targets in different biological processes
DCC0050,DCC0336,Different targets in related biological processes
DCC0050,DCC0400,Different targets in different biological processes
DCC0050,DCC0402,Different targets in related biological processes
DCC0050,DCC0436,Different targets in related biological processes
DCC0050,DCC1450,Different targets in related biological processes
DCC0050,DCC1539,Different targets in related biological processes
DCC0051,DCC0075,Different targets in related biological processes
DCC0051,DCC0078,Different targets in related biological processes
DCC0051,DCC0087,Different targets in related biological processes
DCC0051,DCC0214,Different targets in related biological processes
DCC0051,DCC0240,Different targets in related biological processes
DCC0051,DCC0287,Different targets in related biological processes
DCC0052,DCC0190,Inhibition of metabolism
DCC0052,DCC0285,Same target
DCC0052,DCC0352,Inhibition of metabolism
DCC0052,DCC0413,Different targets in different biological processes
DCC0053,DCC0101,Different targets in related biological processes
DCC0053,DCC0213,Different targets in related biological processes
DCC0054,DCC0300,Different targets in different biological processes
DCC0055,DCC0089,Different targets in related biological processes
DCC0055,DCC1682,Different targets in related biological processes
DCC0056,DCC0062,Different targets in different biological processes
DCC0056,DCC0147,Different targets in different biological processes
DCC0056,DCC0150,Different targets in different biological processes
DCC0056,DCC0179,Different targets in different biological processes
DCC0056,DCC0212,Different targets in different biological processes
DCC0056,DCC0242,Different targets in related biological processes
DCC0056,DCC0280,Different targets in different biological processes
DCC0056,DCC1208,Different targets in different biological processes
DCC0057,DCC0059,Different targets in different biological processes
DCC0057,DCC0082,Different targets in related biological processes
DCC0057,DCC0085,Different targets in different biological processes
DCC0057,DCC0233,Different targets in related biological processes
DCC0057,DCC0234,Different targets in different biological processes
DCC0057,DCC0259,Different targets in different biological processes
DCC0057,DCC0267,Different targets in related biological processes
DCC0057,DCC0286,Different targets in related biological processes
DCC0057,DCC0303,Different targets in related biological processes
DCC0057,DCC0333,Different targets in related biological processes
DCC0057,DCC0371,Different targets in related biological processes
DCC0057,DCC0741,Different targets in related biological processes
DCC0057,DCC0779,Different targets in related biological processes
DCC0057,DCC0811,Different targets in related biological processes
DCC0057,DCC1124,Different targets in related biological processes
DCC0057,DCC1133,Different targets in related biological processes
DCC0057,DCC1183,Different targets in different biological processes
DCC0057,DCC1424,Different targets in different biological processes
DCC0057,DCC1436,Different targets in different biological processes
DCC0057,DCC1444,Different targets in different biological processes
DCC0057,DCC1505,Different targets in related biological processes
DCC0057,DCC1560,Different targets in related biological processes
DCC0057,DCC1567,Different targets in related biological processes
DCC0057,DCC1664,Different targets in different biological processes
DCC0057,DCC1680,Different targets in related biological processes
DCC0057,DCC1690,Different targets in related biological processes
DCC0057,DCC1743,Different targets in related biological processes
DCC0058,DCC0261,Different targets in related biological processes
DCC0059,DCC0100,Different targets in related biological processes
DCC0059,DCC0234,Different targets in related biological processes
DCC0059,DCC1218,Different targets in related biological processes
DCC0001,DCC0012,Different targets in related biological processes
DCC0001,DCC0067,Different targets in different biological processes
DCC0001,DCC0094,Different targets in different biological processes
DCC0001,DCC0117,Different targets in different biological processes
DCC0001,DCC0120,Different targets in different biological processes
DCC0001,DCC0122,Different targets in related biological processes
DCC0001,DCC0128,Different targets in different biological processes
DCC0001,DCC0162,Different targets in different biological processes
DCC0001,DCC0189,Different targets in different biological processes
DCC0001,DCC0245,Different targets in different biological processes
DCC0001,DCC0295,Different targets in different biological processes
DCC0001,DCC0323,Different targets in different biological processes
DCC0001,DCC0329,Different targets in different biological processes
DCC0001,DCC0429,Different targets in related biological processes
DCC0001,DCC1535,Different targets in different biological processes
DCC0002,DCC0203,Different targets in different biological processes
DCC0002,DCC0281,Different targets in different biological processes
DCC0002,DCC0545,Different targets in different biological processes
DCC0002,DCC0897,Different targets in different biological processes
DCC0002,DCC0979,Different targets in different biological processes
DCC0002,DCC1060,Different targets in different biological processes
DCC0002,DCC1144,Different targets in related biological processes
DCC0002,DCC1302,Different targets in different biological processes
DCC0002,DCC1524,Different targets in different biological processes
DCC0002,DCC1648,Different targets in related biological processes
DCC0002,DCC1658,Different targets in different biological processes
DCC0003,DCC0079,Different targets in related biological processes
DCC0003,DCC0148,Different targets in related biological processes
DCC0003,DCC0203,Different targets in different biological processes
DCC0003,DCC0764,Different targets in different biological processes
DCC0004,DCC0126,Different targets in different biological processes
DCC0004,DCC0271,Different targets in different biological processes
DCC0004,DCC0325,Different targets in different biological processes
DCC0005,DCC0193,Different targets in related biological processes
DCC0005,DCC0257,Different targets in different biological processes
DCC0006,DCC0079,Different targets in related biological processes
DCC0006,DCC0123,Different targets in different biological processes
DCC0006,DCC0191,Different targets in different biological processes
DCC0006,DCC1121,Different targets in different biological processes
DCC0006,DCC1162,Different targets in different biological processes
DCC0006,DCC1461,Different targets in related biological processes
DCC0007,DCC0095,Different targets in related biological processes
DCC0007,DCC0131,Different targets in different biological processes
DCC0007,DCC0358,Different targets in different biological processes
DCC0008,DCC0012,Different targets in related biological processes
DCC0008,DCC0016,Different targets in different biological processes
DCC0008,DCC0050,Different targets in related biological processes
DCC0008,DCC0067,Different targets in different biological processes
DCC0008,DCC0080,Different targets in different biological processes
DCC0008,DCC0094,Different targets in different biological processes
DCC0008,DCC0096,Different targets in different biological processes
DCC0008,DCC0117,Different targets in different biological processes
DCC0008,DCC0123,Different targets in different biological processes
DCC0008,DCC0128,Different targets in different biological processes
DCC0008,DCC0168,Different targets in related biological processes
DCC0008,DCC0245,Different targets in different biological processes
DCC0008,DCC0259,Different targets in different biological processes
DCC0008,DCC0295,Different targets in different biological processes
DCC0008,DCC0323,Different targets in different biological processes
DCC0008,DCC0329,Different targets in different biological processes
DCC0008,DCC0332,Same target
DCC0008,DCC0904,Same target
DCC0008,DCC1681,Same target
DCC0009,DCC0016,Different targets in different biological processes
DCC0009,DCC0103,Different targets in related biological processes
DCC0009,DCC0123,Different targets in different biological processes
DCC0009,DCC0126,Different targets in different biological processes
DCC0009,DCC0131,Different targets in different biological processes
DCC0009,DCC0156,Different targets in related biological processes
DCC0009,DCC0173,Different targets in related biological processes
DCC0009,DCC0191,Different targets in different biological processes
DCC0009,DCC0259,Different targets in different biological processes
DCC0009,DCC0288,Different targets in different biological processes
DCC0009,DCC0311,Different targets in different biological processes
DCC0009,DCC0325,Different targets in related biological processes
DCC0009,DCC0628,Different targets in different biological processes
DCC0009,DCC0640,Different targets in different biological processes
DCC0009,DCC0949,Different targets in different biological processes
DCC0009,DCC1120,Different targets in different biological processes
DCC0009,DCC1121,Different targets in different biological processes
DCC0009,DCC1183,Different targets in different biological processes
DCC0009,DCC1234,Different targets in different biological processes
DCC0009,DCC1235,Different targets in different biological processes
DCC0009,DCC1321,Different targets in different biological processes
DCC0009,DCC1417,Different targets in different biological processes
DCC0009,DCC1454,Different targets in different biological processes
DCC0010,DCC0083,Different targets in related biological processes
DCC0010,DCC0280,Different targets in different biological processes
DCC0011,DCC0156,Different targets in related biological processes
DCC0011,DCC0173,Different targets in related biological processes
DCC0011,DCC0216,Different targets in related biological processes
DCC0011,DCC0218,Different targets in related biological processes
DCC0011,DCC0223,Different targets in related biological processes
DCC0011,DCC0294,Different targets in different biological processes
DCC0011,DCC0348,Different targets in related biological processes
DCC0011,DCC1143,Different targets in related biological processes
DCC0011,DCC1149,Different targets in related biological processes
DCC0011,DCC1161,Different targets in related biological processes
DCC0011,DCC1249,Different targets in related biological processes
DCC0012,DCC0094,Different targets in different biological processes
DCC0012,DCC0096,Different targets in different biological processes
DCC0012,DCC0117,Different targets in different biological processes
DCC0012,DCC0120,Different targets in different biological processes
DCC0012,DCC0122,Different targets in related biological processes
DCC0012,DCC0123,Different targets in different biological processes
DCC0012,DCC0128,Different targets in different biological processes
DCC0012,DCC0158,Different targets in different biological processes
DCC0012,DCC0162,Different targets in different biological processes
DCC0012,DCC0189,Different targets in different biological processes
DCC0012,DCC0245,Different targets in different biological processes
DCC0012,DCC0259,Different targets in different biological processes
DCC0012,DCC0271,Different targets in different biological processes
DCC0012,DCC0295,Different targets in different biological processes
DCC0012,DCC0323,Different targets in different biological processes
DCC0012,DCC0329,Different targets in different biological processes
DCC0012,DCC0332,Different targets in related biological processes
DCC0012,DCC0336,Same target
DCC0012,DCC0403,Different targets in different biological processes
DCC0012,DCC0634,Different targets in related biological processes
DCC0012,DCC1127,Different targets in different biological processes
DCC0012,DCC1628,Different targets in different biological processes
DCC0012,DCC1678,Different targets in related biological processes
DCC0013,DCC0117,Different targets in related biological processes
DCC0013,DCC0323,Different targets in different biological processes
DCC0013,DCC0325,Different targets in different biological processes
DCC0013,DCC0520,Different targets in different biological processes
DCC0013,DCC0585,Different targets in related biological processes
DCC0013,DCC1181,Different targets in related biological processes
DCC0013,DCC1183,Different targets in related biological processes
DCC0014,DCC0073,Different targets in related biological processes
DCC0014,DCC0260,Different targets in different biological processes
DCC0014,DCC0331,Different targets in related biological processes
DCC0014,DCC1191,Different targets in different biological processes
DCC0014,DCC1374,Different targets in different biological processes
DCC0015,DCC0198,Different targets in same biological process
DCC0015,DCC0270,Different targets in same biological process
DCC0015,DCC0331,Different targets in same biological process
DCC0015,DCC0424,Different targets in different biological processes
DCC0016,DCC0094,Different targets in different biological processes
DCC0016,DCC0103,Different targets in different biological processes
DCC0016,DCC0117,Different targets in different biological processes
DCC0016,DCC0123,Different targets in different biological processes
DCC0016,DCC0131,Different targets in different biological processes
DCC0016,DCC0156,Different targets in different biological processes
