typeNo,model_feature,alias1,alias2,drug1,drug2
0,GAT-drug_target,-,-,-,-
1,SAGE-GCN-drug_finger,DCC0156,DCC0152,Prednisone,Niacin
1,SAGE-GCN-drug_finger,DCC0179,DCC0203,Lamivudine,Ribavirin
1,SAGE-GCN-drug_finger,DCC0156,DCC1249,Prednisone,Pimecrolimus
1,SAGE-GCN-drug_finger,DCC0179,DCC0037,Lamivudine,Topiramate
1,SAGE-GCN-drug_finger,DCC0260,DCC0015,Hydrochlorothiazide,Ramipril
1,SAGE-GCN-drug_finger,DCC0156,DCC1396,Prednisone,Tirofiban
1,SAGE-GCN-drug_finger,DCC0179,DCC1740,Lamivudine,Bedaquiline
1,SAGE-GCN-drug_finger,DCC0260,DCC0164,Hydrochlorothiazide,Latanoprost
1,SAGE-GCN-drug_finger,DCC0179,DCC0132,Lamivudine,Carbamazepine
1,SAGE-GCN-drug_finger,DCC0179,DCC1727,Lamivudine,Rilpivirine
1,SAGE-GCN-drug_finger,DCC0179,DCC0028,Lamivudine,Indinavir
1,SAGE-GCN-drug_finger,DCC0179,DCC1534,Lamivudine,Rifapentine
1,SAGE-GCN-drug_finger,DCC0179,DCC0147,Lamivudine,Rifabutin
1,SAGE-GCN-drug_finger,DCC0156,DCC0118,Prednisone,Albendazole
1,SAGE-GCN-drug_finger,DCC0179,DCC0178,Lamivudine,Delavirdine
1,SAGE-GCN-drug_finger,DCC0179,DCC0407,Lamivudine,PA-824
1,SAGE-GCN-drug_finger,DCC0179,DCC0019,Lamivudine,Oseltamivir
1,SAGE-GCN-drug_finger,DCC0260,DCC0269,Hydrochlorothiazide,Felodipine
1,SAGE-GCN-drug_finger,DCC0179,DCC1552,Lamivudine,Darunavir
1,SAGE-GCN-drug_finger,DCC0325,DCC1116,Dexamethasone,Goserelin
1,SAGE-GCN-drug_finger,DCC0179,DCC0764,Lamivudine,Boceprevir
1,SAGE-GCN-drug_finger,DCC0179,DCC1644,Lamivudine,Voglibose
1,SAGE-GCN-drug_finger,DCC0179,DCC1726,Lamivudine,Pitavastatin
1,SAGE-GCN-drug_finger,DCC0179,DCC0361,Lamivudine,Vorinostat
2,GCN-drug_target,DCC0123,DCC1234,Cyclophosphamide,Bleomycin
2,GCN-drug_target,DCC0252,DCC0264,Ethinyl,Letrozole
2,GCN-drug_target,DCC0123,DCC1525,Cyclophosphamide,Idarubicin
2,GCN-drug_target,DCC0123,DCC0427,Cyclophosphamide,CI-1040
2,GCN-drug_target,DCC0260,DCC0292,Hydrochlorothiazide,Streptomycin
2,GCN-drug_target,DCC0179,DCC0178,Lamivudine,Delavirdine
2,GCN-drug_target,DCC0057,DCC1644,Metformin,Voglibose
2,GCN-drug_target,DCC0260,DCC1285,Hydrochlorothiazide,Prazosin
2,GCN-drug_target,DCC0057,DCC1569,Metformin,Insulin
2,GCN-drug_target,DCC0252,DCC1267,Ethinyl,Progestrone
2,GCN-drug_target,DCC0260,DCC1838,Hydrochlorothiazide,Methyclothiazide
2,GCN-drug_target,DCC0252,DCC0603,Ethinyl,Follitropin
2,GCN-drug_target,DCC0252,DCC0834,Ethinyl,Triptorelin
2,GCN-drug_target,DCC0260,DCC1386,Hydrochlorothiazide,Etodolac
2,GCN-drug_target,DCC0179,DCC1552,Lamivudine,Darunavir
2,GCN-drug_target,DCC0260,DCC1811,Hydrochlorothiazide,Betaxolol
2,GCN-drug_target,DCC0179,DCC1740,Lamivudine,Bedaquiline
2,GCN-drug_target,DCC0260,DCC1509,Hydrochlorothiazide,Carvedilol
2,GCN-drug_target,DCC0260,DCC1191,Hydrochlorothiazide,Pravastatin
2,GCN-drug_target,DCC0179,DCC0362,Lamivudine,Fusidic
2,GCN-drug_target,DCC0260,DCC1502,Hydrochlorothiazide,Nifedipine
2,GCN-drug_target,DCC0179,DCC1534,Lamivudine,Rifapentine
2,GCN-drug_target,DCC0179,DCC0028,Lamivudine,Indinavir
2,GCN-drug_target,DCC0260,DCC0565,Hydrochlorothiazide,Azelnidipine
2,GCN-drug_target,DCC0252,DCC1508,Ethinyl,Bicalutamide
2,GCN-drug_target,DCC0252,DCC1040,Ethinyl,Ganitumab
2,GCN-drug_target,DCC0260,DCC0121,Hydrochlorothiazide,Lercanidipine
2,GCN-drug_target,DCC0260,DCC0261,Hydrochlorothiazide,Salbutamol
2,GCN-drug_target,DCC0260,DCC0164,Hydrochlorothiazide,Latanoprost
2,GCN-drug_target,DCC0260,DCC0219,Hydrochlorothiazide,Dorzolamide
2,GCN-drug_target,DCC0260,DCC0302,Hydrochlorothiazide,Proguanil
2,GCN-drug_target,DCC0260,DCC0424,Hydrochlorothiazide,Alagebrium
2,GCN-drug_target,DCC0260,DCC0090,Hydrochlorothiazide,Bendroflumethiazide
2,GCN-drug_target,DCC0260,DCC0317,Hydrochlorothiazide,Nadolol
2,GCN-drug_target,DCC0179,DCC1727,Lamivudine,Rilpivirine
2,GCN-drug_target,DCC0252,DCC1539,Ethinyl,Anastrozole
2,GCN-drug_target,DCC0123,DCC1417,Cyclophosphamide,Dacarbazine
2,GCN-drug_target,DCC0049,DCC0248,Acetaminophen,Desloratadine
2,GCN-drug_target,DCC0049,DCC0087,Acetaminophen,Triprolidine
2,GCN-drug_target,DCC0123,DCC0218,Cyclophosphamide,Tacrolimus
2,GCN-drug_target,DCC0123,DCC0787,Cyclophosphamide,Ipilimumab
2,GCN-drug_target,DCC0123,DCC0420,Cyclophosphamide,Tirapazamine
2,GCN-drug_target,DCC0123,DCC0007,Cyclophosphamide,Adalimumab
2,GCN-drug_target,DCC0049,DCC1682,Acetaminophen,Rilonacept
2,GCN-drug_target,DCC0123,DCC1678,Cyclophosphamide,Temsirolimus
2,GCN-drug_target,DCC0123,DCC0004,Cyclophosphamide,Asparaginase
2,GCN-drug_target,DCC0049,DCC0320,Acetaminophen,Ketamine
2,GCN-drug_target,DCC0123,DCC0369,Cyclophosphamide,Trabectedin
2,GCN-drug_target,DCC0123,DCC0011,Cyclophosphamide,Cyclosporine
2,GCN-drug_target,DCC0049,DCC0075,Acetaminophen,Phenylephrine
2,GCN-drug_target,DCC0049,DCC0287,Acetaminophen,Promethazine
2,GCN-drug_target,DCC0123,DCC0186,Cyclophosphamide,Tretinoin
2,GCN-drug_target,DCC0123,DCC0358,Cyclophosphamide,Calcipotriol
2,GCN-drug_target,DCC0123,DCC0120,Cyclophosphamide,Oxaliplatin
2,GCN-drug_target,DCC0049,DCC0236,Acetaminophen,Buprenorphine
2,GCN-drug_target,DCC0123,DCC0148,Cyclophosphamide,Imatinib
2,GCN-drug_target,DCC0123,DCC0013,Cyclophosphamide,Vitamin
2,GCN-drug_target,DCC0049,DCC0063,Acetaminophen,Cetirizine
2,GCN-drug_target,DCC0049,DCC0289,Acetaminophen,Diphenhydramine
2,GCN-drug_target,DCC0252,DCC1474,Ethinyl,Clobetasol
2,GCN-drug_target,DCC0252,DCC0552,Ethinyl,Conjugated
2,GCN-drug_target,DCC0252,DCC0194,Ethinyl,Estradiol
2,GCN-drug_target,DCC0252,DCC0480,Ethinyl,Interferon
2,GCN-drug_target,DCC0057,DCC1749,Metformin,Isophane
2,GCN-drug_target,DCC0179,DCC1445,Lamivudine,Tipranavir
2,GCN-drug_target,DCC0252,DCC1855,Ethinyl,Sulfamethazine
2,GCN-drug_target,DCC0252,DCC1854,Ethinyl,Sulfamerazine
2,GCN-drug_target,DCC0252,DCC1097,Ethinyl,Estradiol
2,GCN-drug_target,DCC0252,DCC0836,Ethinyl,Testosterone
2,GCN-drug_target,DCC0252,DCC1823,Ethinyl,Estradiol
2,GCN-drug_target,DCC0252,DCC1116,Ethinyl,Goserelin
2,GCN-drug_target,DCC0049,DCC1812,Acetaminophen,Bromodiphenhydramine
2,GCN-drug_target,DCC0049,DCC1810,Acetaminophen,Azatadine
2,GCN-drug_target,DCC0123,DCC1129,Cyclophosphamide,Palifermin
2,GCN-drug_target,DCC0123,DCC0770,Cyclophosphamide,Casopitant
2,GCN-drug_target,DCC0123,DCC0488,Cyclophosphamide,Sotatercept
2,GCN-drug_target,DCC0123,DCC1149,Cyclophosphamide,Basiliximab
2,GCN-drug_target,DCC0123,DCC1443,Cyclophosphamide,Azacitidine
2,GCN-drug_target,DCC0123,DCC1649,Cyclophosphamide,Defibrotide
2,GCN-drug_target,DCC0123,DCC1522,Cyclophosphamide,Procarbazine
2,GCN-drug_target,DCC0123,DCC0630,Cyclophosphamide,Zosuquidar
2,GCN-drug_target,DCC0123,DCC1693,Cyclophosphamide,Belatacept
2,GCN-drug_target,DCC0057,DCC0421,Metformin,Vildagliptin
2,GCN-drug_target,DCC0252,DCC0168,Ethinyl,Tamoxifen
2,GCN-drug_target,DCC0123,DCC0639,Cyclophosphamide,Atrasentan
3,SAGE-All,DCC0282,DCC0063,Ibuprofen,Cetirizine
3,SAGE-All,DCC0282,DCC0098,Ibuprofen,Loratadine
3,SAGE-All,DCC0282,DCC0347,Ibuprofen,Methamphetamine
3,SAGE-All,DCC0282,DCC0287,Ibuprofen,Promethazine
3,SAGE-All,DCC0282,DCC0248,Ibuprofen,Desloratadine
4,SAGE-GCN-All,DCC0179,DCC0178,Lamivudine,Delavirdine
4,SAGE-GCN-All,DCC0179,DCC1552,Lamivudine,Darunavir
4,SAGE-GCN-All,DCC0179,DCC0147,Lamivudine,Rifabutin
4,SAGE-GCN-All,DCC0179,DCC1534,Lamivudine,Rifapentine
5,GCN-word2vec,DCC0260,DCC1509,Hydrochlorothiazide,Carvedilol
5,GCN-word2vec,DCC0179,DCC0178,Lamivudine,Delavirdine
5,GCN-word2vec,DCC0179,DCC0028,Lamivudine,Indinavir
5,GCN-word2vec,DCC0179,DCC1658,Lamivudine,Telaprevir
5,GCN-word2vec,DCC0179,DCC1740,Lamivudine,Bedaquiline
5,GCN-word2vec,DCC0123,DCC1525,Cyclophosphamide,Idarubicin
5,GCN-word2vec,DCC0123,DCC1737,Cyclophosphamide,Carfilzomib
5,GCN-word2vec,DCC0123,DCC1649,Cyclophosphamide,Defibrotide
5,GCN-word2vec,DCC0123,DCC1707,Cyclophosphamide,Cabazitaxel
5,GCN-word2vec,DCC0260,DCC0269,Hydrochlorothiazide,Felodipine
5,GCN-word2vec,DCC0260,DCC0121,Hydrochlorothiazide,Lercanidipine
5,GCN-word2vec,DCC0260,DCC0283,Hydrochlorothiazide,Nitrendipine
6,SAGE-GCN-node2vec,DCC0285,DCC0338,Amoxicillin,Bismuth
6,SAGE-GCN-node2vec,DCC0057,DCC1569,Metformin,Insulin
6,SAGE-GCN-node2vec,DCC0285,DCC1684,Amoxicillin,Ceftaroline
6,SAGE-GCN-node2vec,DCC0260,DCC0121,Hydrochlorothiazide,Lercanidipine
6,SAGE-GCN-node2vec,DCC0260,DCC0424,Hydrochlorothiazide,Alagebrium
6,SAGE-GCN-node2vec,DCC0260,DCC0015,Hydrochlorothiazide,Ramipril
6,SAGE-GCN-node2vec,DCC0260,DCC0314,Hydrochlorothiazide,Brinzolamide
6,SAGE-GCN-node2vec,DCC0260,DCC0060,Hydrochlorothiazide,Atenolol
6,SAGE-GCN-node2vec,DCC0260,DCC1838,Hydrochlorothiazide,Methyclothiazide
6,SAGE-GCN-node2vec,DCC0260,DCC1641,Hydrochlorothiazide,Nebivolol
6,SAGE-GCN-node2vec,DCC0260,DCC1374,Hydrochlorothiazide,Nateglinide
6,SAGE-GCN-node2vec,DCC0260,DCC1811,Hydrochlorothiazide,Betaxolol
6,SAGE-GCN-node2vec,DCC0260,DCC0565,Hydrochlorothiazide,Azelnidipine
6,SAGE-GCN-node2vec,DCC0260,DCC1509,Hydrochlorothiazide,Carvedilol
6,SAGE-GCN-node2vec,DCC0260,DCC1856,Hydrochlorothiazide,Trichlormethiazide
6,SAGE-GCN-node2vec,DCC0260,DCC1850,Hydrochlorothiazide,Quinethazone
6,SAGE-GCN-node2vec,DCC0290,DCC0299,Atorvastatin,Atovaquone
6,SAGE-GCN-node2vec,DCC0057,DCC1644,Metformin,Voglibose
6,SAGE-GCN-node2vec,DCC0464,DCC0769,Artesunate,Piperaquine
6,SAGE-GCN-node2vec,DCC0260,DCC0201,Hydrochlorothiazide,Indapamide
6,SAGE-GCN-node2vec,DCC0100,DCC1218,Fluoxetine,Ziprasidone
6,SAGE-GCN-node2vec,DCC0057,DCC0101,Metformin,Chlordiazepoxide
6,SAGE-GCN-node2vec,DCC0179,DCC0178,Lamivudine,Delavirdine
6,SAGE-GCN-node2vec,DCC0179,DCC1534,Lamivudine,Rifapentine
6,SAGE-GCN-node2vec,DCC0166,DCC0373,Epinephrine,Levonordefrin
6,SAGE-GCN-node2vec,DCC0179,DCC1726,Lamivudine,Pitavastatin
6,SAGE-GCN-node2vec,DCC0179,DCC0432,Lamivudine,Beta-lapachone
6,SAGE-GCN-node2vec,DCC0179,DCC1740,Lamivudine,Bedaquiline
6,SAGE-GCN-node2vec,DCC0285,DCC0413,Amoxicillin,Garenoxacin
6,SAGE-GCN-node2vec,DCC0179,DCC1658,Lamivudine,Telaprevir
6,SAGE-GCN-node2vec,DCC0179,DCC0362,Lamivudine,Fusidic
7,GAT-word2vec,-,-,-,-
8,SAGE-side_effec,-,-,-,-
9,SAGE-drug_finger,DCC1280,DCC0161,Entecavir,Stavudine
9,SAGE-drug_finger,DCC1280,DCC0351,Entecavir,Lopinavir
9,SAGE-drug_finger,DCC1280,DCC0150,Entecavir,Efavirenz
9,SAGE-drug_finger,DCC1280,DCC0111,Entecavir,Zidovudine
9,SAGE-drug_finger,DCC1280,DCC0324,Entecavir,Saquinavir
9,SAGE-drug_finger,DCC1280,DCC1726,Entecavir,Pitavastatin
9,SAGE-drug_finger,DCC1280,DCC1644,Entecavir,Voglibose
9,SAGE-drug_finger,DCC1280,DCC0361,Entecavir,Vorinostat
9,SAGE-drug_finger,DCC1530,DCC0320,Oxymorphone,Ketamine
9,SAGE-drug_finger,DCC1245,DCC1702,Floxuridine,Fosaprepitant
9,SAGE-drug_finger,DCC1245,DCC1434,Floxuridine,Ondansetron
9,SAGE-drug_finger,DCC1530,DCC0177,Oxymorphone,Naltrexone
10,GCN-GAT-All,DCC0214,DCC0254,Pseudoephedrine,Cyclopentolate
10,GCN-GAT-All,DCC0214,DCC0021,Pseudoephedrine,Caffeine
10,GCN-GAT-All,DCC0179,DCC0028,Lamivudine,Indinavir
10,GCN-GAT-All,DCC0179,DCC0147,Lamivudine,Rifabutin
10,GCN-GAT-All,DCC0179,DCC1552,Lamivudine,Darunavir
10,GCN-GAT-All,DCC0179,DCC1302,Lamivudine,Nitazoxanide
10,GCN-GAT-All,DCC0319,DCC0083,Ceftriaxone,Ampicillin
10,GCN-GAT-All,DCC0319,DCC0091,Ceftriaxone,Ceftazidime
10,GCN-GAT-All,DCC0214,DCC0175,Pseudoephedrine,Ergotamine
10,GCN-GAT-All,DCC0214,DCC0237,Pseudoephedrine,Famotidine
10,GCN-GAT-All,DCC0214,DCC0322,Pseudoephedrine,Aminophylline
10,GCN-GAT-All,DCC0214,DCC0310,Pseudoephedrine,Orphenadrine
10,GCN-GAT-All,DCC0319,DCC0061,Ceftriaxone,Omeprazole
10,GCN-GAT-All,DCC0214,DCC0099,Pseudoephedrine,Montelukast
10,GCN-GAT-All,DCC0214,DCC0347,Pseudoephedrine,Methamphetamine
10,GCN-GAT-All,DCC0214,DCC0018,Pseudoephedrine,Tramadol
10,GCN-GAT-All,DCC0123,DCC0050,Cyclophosphamide,Gefitinib
10,GCN-GAT-All,DCC0123,DCC0361,Cyclophosphamide,Vorinostat
10,GCN-GAT-All,DCC0123,DCC0336,Cyclophosphamide,Sunitinib
10,GCN-GAT-All,DCC0123,DCC0046,Cyclophosphamide,Mitomycin
10,GCN-GAT-All,DCC0100,DCC1546,Fluoxetine,Aripiprazole
10,GCN-GAT-All,DCC0123,DCC0080,Cyclophosphamide,Zoledronate
10,GCN-GAT-All,DCC0123,DCC1495,Cyclophosphamide,Leflunomide
10,GCN-GAT-All,DCC0123,DCC1434,Cyclophosphamide,Ondansetron
10,GCN-GAT-All,DCC0123,DCC1539,Cyclophosphamide,Anastrozole
10,GCN-GAT-All,DCC0319,DCC1332,Ceftriaxone,Nafcillin
10,GCN-GAT-All,DCC0123,DCC1535,Cyclophosphamide,Mitoxantrone
10,GCN-GAT-All,DCC0123,DCC0273,Cyclophosphamide,Mercaptopurine
10,GCN-GAT-All,DCC0123,DCC0104,Cyclophosphamide,Raloxifene
11,SAGE-drug_target,DCC1218,DCC1574,Ziprasidone,Lithium
11,SAGE-drug_target,DCC1218,DCC0069,Ziprasidone,Clozapine
11,SAGE-drug_target,DCC1235,DCC1020,Chlorambucil,Trebananib
11,SAGE-drug_target,DCC1218,DCC1021,Ziprasidone,Tropisetron
12,SAGE-word2vec,DCC1500,DCC0350,Cefuroxime,Imipenem
13,GCN-drug_finger,DCC0260,DCC1386,Hydrochlorothiazide,Etodolac
13,GCN-drug_finger,DCC0179,DCC0215,Lamivudine,Temozolomide
13,GCN-drug_finger,DCC0179,DCC0093,Lamivudine,Trimethoprim
13,GCN-drug_finger,DCC0179,DCC1727,Lamivudine,Rilpivirine
13,GCN-drug_finger,DCC0259,DCC0143,Doxorubicin,Oxytetracycline
13,GCN-drug_finger,DCC0179,DCC0366,Lamivudine,Eucalyptol
13,GCN-drug_finger,DCC0214,DCC1849,Pseudoephedrine,Pyrilamine
13,GCN-drug_finger,DCC0260,DCC0060,Hydrochlorothiazide,Atenolol
13,GCN-drug_finger,DCC0156,DCC1249,Prednisone,Pimecrolimus
13,GCN-drug_finger,DCC0259,DCC1443,Doxorubicin,Azacitidine
13,GCN-drug_finger,DCC0179,DCC0361,Lamivudine,Vorinostat
13,GCN-drug_finger,DCC0179,DCC1534,Lamivudine,Rifapentine
13,GCN-drug_finger,DCC0259,DCC1164,Doxorubicin,Octreotide
13,GCN-drug_finger,DCC0179,DCC0203,Lamivudine,Ribavirin
13,GCN-drug_finger,DCC0179,DCC0032,Lamivudine,Phenytoin
13,GCN-drug_finger,DCC0259,DCC0193,Doxorubicin,Polymyxin
13,GCN-drug_finger,DCC0259,DCC0151,Doxorubicin,Bacitracin
13,GCN-drug_finger,DCC0179,DCC0407,Lamivudine,PA-824
14,GCN-GAT-drug_target,DCC0260,DCC1407,Hydrochlorothiazide,Tadalafil
14,GCN-GAT-drug_target,DCC0260,DCC1491,Hydrochlorothiazide,Pilocarpine
14,GCN-GAT-drug_target,DCC0260,DCC1423,Hydrochlorothiazide,Conivaptan
14,GCN-GAT-drug_target,DCC0260,DCC1722,Hydrochlorothiazide,Azilsartan
14,GCN-GAT-drug_target,DCC0329,DCC1162,Docetaxel,Filgrastim
14,GCN-GAT-drug_target,DCC0260,DCC1395,Hydrochlorothiazide,Alprostadil
14,GCN-GAT-drug_target,DCC0260,DCC1356,Hydrochlorothiazide,Phentolamine
14,GCN-GAT-drug_target,DCC0260,DCC1501,Hydrochlorothiazide,Papaverine
14,GCN-GAT-drug_target,DCC0329,DCC1020,Docetaxel,Trebananib
14,GCN-GAT-drug_target,DCC0260,DCC1819,Hydrochlorothiazide,Difenoxin
14,GCN-GAT-drug_target,DCC0260,DCC0105,Hydrochlorothiazide,Celecoxib
14,GCN-GAT-drug_target,DCC0329,DCC1639,Docetaxel,Ixabepilone
14,GCN-GAT-drug_target,DCC0260,DCC0255,Hydrochlorothiazide,Formoterol
14,GCN-GAT-drug_target,DCC0057,DCC1569,Metformin,Insulin
14,GCN-GAT-drug_target,DCC0260,DCC1273,Hydrochlorothiazide,Methylphenidate
14,GCN-GAT-drug_target,DCC0260,DCC0738,Hydrochlorothiazide,Indacaterol
14,GCN-GAT-drug_target,DCC0260,DCC0269,Hydrochlorothiazide,Felodipine
14,GCN-GAT-drug_target,DCC0329,DCC0009,Docetaxel,Rituximab
14,GCN-GAT-drug_target,DCC0329,DCC0369,Docetaxel,Trabectedin
14,GCN-GAT-drug_target,DCC0260,DCC0060,Hydrochlorothiazide,Atenolol
14,GCN-GAT-drug_target,DCC0329,DCC0223,Docetaxel,Rapamycin
14,GCN-GAT-drug_target,DCC0329,DCC0016,Docetaxel,Bortezomib
14,GCN-GAT-drug_target,DCC0260,DCC0317,Hydrochlorothiazide,Nadolol
14,GCN-GAT-drug_target,DCC0260,DCC0090,Hydrochlorothiazide,Bendroflumethiazide
14,GCN-GAT-drug_target,DCC0260,DCC0565,Hydrochlorothiazide,Azelnidipine
14,GCN-GAT-drug_target,DCC0260,DCC0139,Hydrochlorothiazide,Fluticasone
14,GCN-GAT-drug_target,DCC0260,DCC0197,Hydrochlorothiazide,Perindopril
14,GCN-GAT-drug_target,DCC0329,DCC0013,Docetaxel,Vitamin
14,GCN-GAT-drug_target,DCC0260,DCC0328,Hydrochlorothiazide,Gemfibrozil
14,GCN-GAT-drug_target,DCC0260,DCC0290,Hydrochlorothiazide,Atorvastatin
14,GCN-GAT-drug_target,DCC0260,DCC1386,Hydrochlorothiazide,Etodolac
14,GCN-GAT-drug_target,DCC0260,DCC1733,Hydrochlorothiazide,Teriflunomide
14,GCN-GAT-drug_target,DCC0329,DCC0218,Docetaxel,Tacrolimus
14,GCN-GAT-drug_target,DCC0329,DCC0426,Docetaxel,2-methoxyestradiol
14,GCN-GAT-drug_target,DCC0329,DCC1471,Docetaxel,Busulfan
14,GCN-GAT-drug_target,DCC0329,DCC0478,Docetaxel,NGR-hTNF
14,GCN-GAT-drug_target,DCC0329,DCC1400,Docetaxel,Tazarotene
14,GCN-GAT-drug_target,DCC0260,DCC1446,Hydrochlorothiazide,Oxymetazoline
14,GCN-GAT-drug_target,DCC0260,DCC0064,Hydrochlorothiazide,Diltiazem
14,GCN-GAT-drug_target,DCC0329,DCC1534,Docetaxel,Rifapentine
14,GCN-GAT-drug_target,DCC0329,DCC0620,Docetaxel,Canfosfamide
14,GCN-GAT-drug_target,DCC0329,DCC0629,Docetaxel,Lintuzumab
14,GCN-GAT-drug_target,DCC0329,DCC0868,Docetaxel,Ocrelizumab
14,GCN-GAT-drug_target,DCC0260,DCC1191,Hydrochlorothiazide,Pravastatin
14,GCN-GAT-drug_target,DCC0329,DCC0348,Docetaxel,Everolimus
14,GCN-GAT-drug_target,DCC0260,DCC1411,Hydrochlorothiazide,Mifepristone
14,GCN-GAT-drug_target,DCC0329,DCC0437,Docetaxel,AEE788
14,GCN-GAT-drug_target,DCC0329,DCC1396,Docetaxel,Tirofiban
14,GCN-GAT-drug_target,DCC0329,DCC0787,Docetaxel,Ipilimumab
14,GCN-GAT-drug_target,DCC0329,DCC1368,Docetaxel,Adefovir
14,GCN-GAT-drug_target,DCC0329,DCC0288,Docetaxel,Fludarabine
14,GCN-GAT-drug_target,DCC0329,DCC1110,Docetaxel,Enbrel
14,GCN-GAT-drug_target,DCC0329,DCC0026,Docetaxel,Pantoprazole
14,GCN-GAT-drug_target,DCC0329,DCC0429,Docetaxel,Afatinib
14,GCN-GAT-drug_target,DCC0329,DCC0420,Docetaxel,Tirapazamine
14,GCN-GAT-drug_target,DCC0329,DCC1522,Docetaxel,Procarbazine
14,GCN-GAT-drug_target,DCC0329,DCC0387,Docetaxel,Arsenic
14,GCN-GAT-drug_target,DCC0329,DCC0007,Docetaxel,Adalimumab
14,GCN-GAT-drug_target,DCC0329,DCC1280,Docetaxel,Entecavir
14,GCN-GAT-drug_target,DCC0329,DCC0215,Docetaxel,Temozolomide
14,GCN-GAT-drug_target,DCC0329,DCC1164,Docetaxel,Octreotide
14,GCN-GAT-drug_target,DCC0329,DCC1106,Docetaxel,Ofatumumab
14,GCN-GAT-drug_target,DCC0329,DCC0414,Docetaxel,Mesna
14,GCN-GAT-drug_target,DCC0329,DCC0147,Docetaxel,Rifabutin
14,GCN-GAT-drug_target,DCC0329,DCC0301,Docetaxel,Rabeprazole
14,GCN-GAT-drug_target,DCC0329,DCC0717,Docetaxel,Romiplostim
14,GCN-GAT-drug_target,DCC0260,DCC0238,Hydrochlorothiazide,Misoprostol
14,GCN-GAT-drug_target,DCC0329,DCC0956,Docetaxel,Obatoclax
14,GCN-GAT-drug_target,DCC0329,DCC1601,Docetaxel,Hydroxychloroquine
14,GCN-GAT-drug_target,DCC0329,DCC1399,Docetaxel,Sulfasalazine
14,GCN-GAT-drug_target,DCC0260,DCC0261,Hydrochlorothiazide,Salbutamol
14,GCN-GAT-drug_target,DCC0329,DCC0904,Docetaxel,Neratinib
14,GCN-GAT-drug_target,DCC0329,DCC0033,Docetaxel,Clotrimazole
14,GCN-GAT-drug_target,DCC0329,DCC1321,Docetaxel,Vinblastine
14,GCN-GAT-drug_target,DCC0329,DCC1693,Docetaxel,Belatacept
14,GCN-GAT-drug_target,DCC0260,DCC1502,Hydrochlorothiazide,Nifedipine
14,GCN-GAT-drug_target,DCC0329,DCC0006,Docetaxel,Aldesleukin
14,GCN-GAT-drug_target,DCC0260,DCC0058,Hydrochlorothiazide,Ipratropium
14,GCN-GAT-drug_target,DCC0329,DCC1017,Docetaxel,SCH
14,GCN-GAT-drug_target,DCC0329,DCC0622,Docetaxel,Iniparib
14,GCN-GAT-drug_target,DCC0329,DCC0355,Docetaxel,Genistein
14,GCN-GAT-drug_target,DCC0260,DCC1838,Hydrochlorothiazide,Methyclothiazide
14,GCN-GAT-drug_target,DCC0260,DCC1842,Hydrochlorothiazide,Pargyline
14,GCN-GAT-drug_target,DCC0329,DCC1161,Docetaxel,Anti-thymocyte
14,GCN-GAT-drug_target,DCC0260,DCC1131,Hydrochlorothiazide,Omalizumab
14,GCN-GAT-drug_target,DCC0329,DCC1468,Docetaxel,Azathioprine
14,GCN-GAT-drug_target,DCC0260,DCC1846,Hydrochlorothiazide,Polythiazide
14,GCN-GAT-drug_target,DCC0329,DCC0363,Docetaxel,17-DMAG
14,GCN-GAT-drug_target,DCC0329,DCC1129,Docetaxel,Palifermin
14,GCN-GAT-drug_target,DCC0260,DCC0700,Hydrochlorothiazide,Fimasartan
14,GCN-GAT-drug_target,DCC0329,DCC0003,Docetaxel,Peginterferon
14,GCN-GAT-drug_target,DCC0329,DCC1461,Docetaxel,Isotretinoin
15,GAT-SAGE-word2vec,-,-,-,-
16,GCN-GAT-side_effec,DCC0100,DCC1345,Fluoxetine,Acamprosate
16,GCN-GAT-side_effec,DCC0179,DCC1552,Lamivudine,Darunavir
16,GCN-GAT-side_effec,DCC0331,DCC0092,Aliskiren,Cerivastatin
16,GCN-GAT-side_effec,DCC0240,DCC0285,Aspirin,Amoxicillin
16,GCN-GAT-side_effec,DCC0179,DCC0203,Lamivudine,Ribavirin
16,GCN-GAT-side_effec,DCC0179,DCC1534,Lamivudine,Rifapentine
16,GCN-GAT-side_effec,DCC0048,DCC0192,Valproic,Oxcarbazepine
16,GCN-GAT-side_effec,DCC0240,DCC0175,Aspirin,Ergotamine
16,GCN-GAT-side_effec,DCC0100,DCC1524,Fluoxetine,Escitalopram
16,GCN-GAT-side_effec,DCC0240,DCC0265,Aspirin,Ketoprofen
16,GCN-GAT-side_effec,DCC0240,DCC0174,Aspirin,Furosemide
16,GCN-GAT-side_effec,DCC0048,DCC1224,Valproic,Carmustine
16,GCN-GAT-side_effec,DCC0331,DCC0328,Aliskiren,Gemfibrozil
16,GCN-GAT-side_effec,DCC0100,DCC1367,Fluoxetine,Paroxetine
17,SAGE-indication,DCC0018,DCC1210,Tramadol,Pregabalin
17,SAGE-indication,DCC0018,DCC0039,Tramadol,Theophylline
17,SAGE-indication,DCC0018,DCC0063,Tramadol,Cetirizine
17,SAGE-indication,DCC0018,DCC0237,Tramadol,Famotidine
17,SAGE-indication,DCC0018,DCC0346,Tramadol,Dihydrocodeine
17,SAGE-indication,DCC0018,DCC0075,Tramadol,Phenylephrine
17,SAGE-indication,DCC0018,DCC0254,Tramadol,Cyclopentolate
17,SAGE-indication,DCC0018,DCC0078,Tramadol,Carisoprodol
17,SAGE-indication,DCC0018,DCC1486,Tramadol,Isoproterenol
17,SAGE-indication,DCC0018,DCC0310,Tramadol,Orphenadrine
17,SAGE-indication,DCC0018,DCC0298,Tramadol,Chlorpheniramine
17,SAGE-indication,DCC0018,DCC0214,Tramadol,Pseudoephedrine
17,SAGE-indication,DCC0018,DCC0347,Tramadol,Methamphetamine
18,GCN-indication,DCC0214,DCC1545,Pseudoephedrine,Metoclopramide
18,GCN-indication,DCC0123,DCC0301,Cyclophosphamide,Rabeprazole
18,GCN-indication,DCC0123,DCC1535,Cyclophosphamide,Mitoxantrone
18,GCN-indication,DCC0319,DCC1332,Ceftriaxone,Nafcillin
18,GCN-indication,DCC0123,DCC0273,Cyclophosphamide,Mercaptopurine
18,GCN-indication,DCC0123,DCC1525,Cyclophosphamide,Idarubicin
18,GCN-indication,DCC0319,DCC1239,Ceftriaxone,Floxacillin
18,GCN-indication,DCC0214,DCC1459,Pseudoephedrine,Azelastine
18,GCN-indication,DCC0179,DCC0144,Lamivudine,Linezolid
18,GCN-indication,DCC0331,DCC1285,Aliskiren,Prazosin
18,GCN-indication,DCC0179,DCC0028,Lamivudine,Indinavir
18,GCN-indication,DCC0179,DCC0764,Lamivudine,Boceprevir
18,GCN-indication,DCC0179,DCC1302,Lamivudine,Nitazoxanide
18,GCN-indication,DCC0100,DCC1524,Fluoxetine,Escitalopram
18,GCN-indication,DCC0100,DCC1515,Fluoxetine,Desipramine
18,GCN-indication,DCC0100,DCC1380,Fluoxetine,Riluzole
18,GCN-indication,DCC0123,DCC0186,Cyclophosphamide,Tretinoin
18,GCN-indication,DCC0331,DCC0197,Aliskiren,Perindopril
18,GCN-indication,DCC0123,DCC1495,Cyclophosphamide,Leflunomide
18,GCN-indication,DCC0123,DCC1234,Cyclophosphamide,Bleomycin
18,GCN-indication,DCC0319,DCC0091,Ceftriaxone,Ceftazidime
18,GCN-indication,DCC0123,DCC1399,Cyclophosphamide,Sulfasalazine
18,GCN-indication,DCC0123,DCC1601,Cyclophosphamide,Hydroxychloroquine
19,SAGE-GCN-side_effec,DCC1505,DCC0741,Gliclazide,Lixisenatide
19,SAGE-GCN-side_effec,DCC0179,DCC1658,Lamivudine,Telaprevir
19,SAGE-GCN-side_effec,DCC0179,DCC0494,Lamivudine,Cobicistat
19,SAGE-GCN-side_effec,DCC1505,DCC1436,Gliclazide,Zonisamide
19,SAGE-GCN-side_effec,DCC1505,DCC0233,Gliclazide,Repaglinide
20,GCN-side_effec,DCC0179,DCC0494,Lamivudine,Cobicistat
20,GCN-side_effec,DCC0331,DCC0198,Aliskiren,Candesartan
20,GCN-side_effec,DCC0057,DCC0421,Metformin,Vildagliptin
20,GCN-side_effec,DCC0123,DCC0079,Cyclophosphamide,Sorafenib
20,GCN-side_effec,DCC0123,DCC1234,Cyclophosphamide,Bleomycin
20,GCN-side_effec,DCC0123,DCC1522,Cyclophosphamide,Procarbazine
20,GCN-side_effec,DCC0123,DCC1245,Cyclophosphamide,Floxuridine
20,GCN-side_effec,DCC0123,DCC0532,Cyclophosphamide,Trientine
20,GCN-side_effec,DCC0123,DCC0050,Cyclophosphamide,Gefitinib
20,GCN-side_effec,DCC0123,DCC0122,Cyclophosphamide,Erlotinib
20,GCN-side_effec,DCC0123,DCC0104,Cyclophosphamide,Raloxifene
20,GCN-side_effec,DCC0179,DCC0178,Lamivudine,Delavirdine
20,GCN-side_effec,DCC0331,DCC1502,Aliskiren,Nifedipine
20,GCN-side_effec,DCC0319,DCC0083,Ceftriaxone,Ampicillin
20,GCN-side_effec,DCC0204,DCC0206,Fentanyl,Propofol
20,GCN-side_effec,DCC0319,DCC0309,Ceftriaxone,Kanamycin
20,GCN-side_effec,DCC0319,DCC0133,Ceftriaxone,Cephalexin
21,GCN-GAT-drug_finger,DCC0260,DCC1614,Hydrochlorothiazide,Terlipressin
21,GCN-GAT-drug_finger,DCC0260,DCC1376,Hydrochlorothiazide,Risperidoene
21,GCN-GAT-drug_finger,DCC0260,DCC1479,Hydrochlorothiazide,Tolterodine
21,GCN-GAT-drug_finger,DCC0260,DCC0227,Hydrochlorothiazide,Isosorbide
21,GCN-GAT-drug_finger,DCC0260,DCC0421,Hydrochlorothiazide,Vildagliptin
21,GCN-GAT-drug_finger,DCC0260,DCC0303,Hydrochlorothiazide,Pioglitazone
21,GCN-GAT-drug_finger,DCC0260,DCC0258,Hydrochlorothiazide,Gabapentin
21,GCN-GAT-drug_finger,DCC0260,DCC0241,Hydrochlorothiazide,Fexofenadine
21,GCN-GAT-drug_finger,DCC0260,DCC0197,Hydrochlorothiazide,Perindopril
21,GCN-GAT-drug_finger,DCC0252,DCC0836,Ethinyl,Testosterone
21,GCN-GAT-drug_finger,DCC0252,DCC0095,Ethinyl,Betamethasone
21,GCN-GAT-drug_finger,DCC0260,DCC0121,Hydrochlorothiazide,Lercanidipine
21,GCN-GAT-drug_finger,DCC0252,DCC1097,Ethinyl,Estradiol
21,GCN-GAT-drug_finger,DCC0252,DCC1704,Ethinyl,Aluminum
21,GCN-GAT-drug_finger,DCC0260,DCC1412,Hydrochlorothiazide,Dobutamine
21,GCN-GAT-drug_finger,DCC0260,DCC1502,Hydrochlorothiazide,Nifedipine
21,GCN-GAT-drug_finger,DCC0260,DCC1613,Hydrochlorothiazide,Prostaglandin
21,GCN-GAT-drug_finger,DCC0260,DCC0312,Hydrochlorothiazide,Naloxone
21,GCN-GAT-drug_finger,DCC0260,DCC0229,Hydrochlorothiazide,Methdilazine
21,GCN-GAT-drug_finger,DCC0260,DCC0195,Hydrochlorothiazide,Aciclovir
21,GCN-GAT-drug_finger,DCC0260,DCC0185,Hydrochlorothiazide,Prilocaine
21,GCN-GAT-drug_finger,DCC0260,DCC0044,Hydrochlorothiazide,Bupivacaine
21,GCN-GAT-drug_finger,DCC0260,DCC0322,Hydrochlorothiazide,Aminophylline
21,GCN-GAT-drug_finger,DCC0260,DCC0339,Hydrochlorothiazide,Sulfadoxine
21,GCN-GAT-drug_finger,DCC0260,DCC1116,Hydrochlorothiazide,Goserelin
21,GCN-GAT-drug_finger,DCC0260,DCC1493,Hydrochlorothiazide,Primaquine
22,GCN-GAT-node2vec,DCC0179,DCC1726,Lamivudine,Pitavastatin
22,GCN-GAT-node2vec,DCC0323,DCC0436,Paclitaxel,Adarotene
22,GCN-GAT-node2vec,DCC0184,DCC0443,Hydrocortisone,Pipemidic
22,GCN-GAT-node2vec,DCC0260,DCC0299,Hydrochlorothiazide,Atovaquone
22,GCN-GAT-node2vec,DCC0464,DCC0454,Artesunate,Artemisinin
22,GCN-GAT-node2vec,DCC0464,DCC0452,Artesunate,Methylene
22,GCN-GAT-node2vec,DCC0166,DCC0373,Epinephrine,Levonordefrin
22,GCN-GAT-node2vec,DCC0166,DCC0209,Epinephrine,Diazepam
22,GCN-GAT-node2vec,DCC0464,DCC0455,Artesunate,Naphthoquine
22,GCN-GAT-node2vec,DCC0214,DCC1166,Pseudoephedrine,Oxytocin
22,GCN-GAT-node2vec,DCC0214,DCC1545,Pseudoephedrine,Metoclopramide
22,GCN-GAT-node2vec,DCC0323,DCC0336,Paclitaxel,Sunitinib
22,GCN-GAT-node2vec,DCC0323,DCC0457,Paclitaxel,Sorivudine
22,GCN-GAT-node2vec,DCC0323,DCC0050,Paclitaxel,Gefitinib
22,GCN-GAT-node2vec,DCC0323,DCC0158,Paclitaxel,Pemetrexed
22,GCN-GAT-node2vec,DCC0156,DCC0427,Prednisone,CI-1040
22,GCN-GAT-node2vec,DCC0285,DCC1240,Amoxicillin,Ertapenem
22,GCN-GAT-node2vec,DCC0285,DCC0547,Amoxicillin,Avibactam
22,GCN-GAT-node2vec,DCC0156,DCC1396,Prednisone,Tirofiban
22,GCN-GAT-node2vec,DCC0156,DCC0348,Prednisone,Everolimus
22,GCN-GAT-node2vec,DCC0214,DCC0182,Pseudoephedrine,Homatropine
22,GCN-GAT-node2vec,DCC0214,DCC0061,Pseudoephedrine,Omeprazole
22,GCN-GAT-node2vec,DCC0214,DCC0341,Pseudoephedrine,Sodium
22,GCN-GAT-node2vec,DCC0214,DCC0287,Pseudoephedrine,Promethazine
22,GCN-GAT-node2vec,DCC0214,DCC0254,Pseudoephedrine,Cyclopentolate
22,GCN-GAT-node2vec,DCC0214,DCC0039,Pseudoephedrine,Theophylline
22,GCN-GAT-node2vec,DCC0214,DCC0347,Pseudoephedrine,Methamphetamine
22,GCN-GAT-node2vec,DCC0214,DCC0187,Pseudoephedrine,Tetracycline
22,GCN-GAT-node2vec,DCC0179,DCC0432,Lamivudine,Beta-lapachone
22,GCN-GAT-node2vec,DCC0179,DCC0362,Lamivudine,Fusidic
22,GCN-GAT-node2vec,DCC0179,DCC0147,Lamivudine,Rifabutin
22,GCN-GAT-node2vec,DCC0179,DCC0212,Lamivudine,Clofazimine
22,GCN-GAT-node2vec,DCC0179,DCC0407,Lamivudine,PA-824
22,GCN-GAT-node2vec,DCC0179,DCC0342,Lamivudine,Colchicine
22,GCN-GAT-node2vec,DCC0260,DCC0293,Hydrochlorothiazide,Iloprost
22,GCN-GAT-node2vec,DCC0260,DCC0015,Hydrochlorothiazide,Ramipril
22,GCN-GAT-node2vec,DCC0260,DCC0106,Hydrochlorothiazide,Brimonidine
22,GCN-GAT-node2vec,DCC0260,DCC0230,Hydrochlorothiazide,Bimatoprost
22,GCN-GAT-node2vec,DCC0260,DCC0370,Hydrochlorothiazide,Glatiramer
22,GCN-GAT-node2vec,DCC0260,DCC0268,Hydrochlorothiazide,Minocycline
22,GCN-GAT-node2vec,DCC0260,DCC0290,Hydrochlorothiazide,Atorvastatin
22,GCN-GAT-node2vec,DCC0260,DCC0201,Hydrochlorothiazide,Indapamide
22,GCN-GAT-node2vec,DCC0184,DCC0279,Hydrocortisone,Gatifloxacin
22,GCN-GAT-node2vec,DCC0179,DCC0366,Lamivudine,Eucalyptol
22,GCN-GAT-node2vec,DCC0179,DCC1208,Lamivudine,Moxifloxacin
22,GCN-GAT-node2vec,DCC0179,DCC1445,Lamivudine,Tipranavir
22,GCN-GAT-node2vec,DCC0184,DCC0159,Hydrocortisone,Nystatin
22,GCN-GAT-node2vec,DCC0184,DCC1817,Hydrocortisone,Desoxyribonuclease
22,GCN-GAT-node2vec,DCC0203,DCC0132,Ribavirin,Carbamazepine
22,GCN-GAT-node2vec,DCC0203,DCC1551,Ribavirin,Lisdexamfetamine
22,GCN-GAT-node2vec,DCC0260,DCC0424,Hydrochlorothiazide,Alagebrium
22,GCN-GAT-node2vec,DCC0323,DCC0717,Paclitaxel,Romiplostim
22,GCN-GAT-node2vec,DCC0323,DCC1639,Paclitaxel,Ixabepilone
22,GCN-GAT-node2vec,DCC0323,DCC0777,Paclitaxel,Pazopanib
22,GCN-GAT-node2vec,DCC0323,DCC1539,Paclitaxel,Anastrozole
22,GCN-GAT-node2vec,DCC0323,DCC1537,Paclitaxel,Lomustine
22,GCN-GAT-node2vec,DCC0323,DCC1181,Paclitaxel,Creatine
22,GCN-GAT-node2vec,DCC0323,DCC0215,Paclitaxel,Temozolomide
22,GCN-GAT-node2vec,DCC0323,DCC1417,Paclitaxel,Dacarbazine
22,GCN-GAT-node2vec,DCC0323,DCC1164,Paclitaxel,Octreotide
22,GCN-GAT-node2vec,DCC0323,DCC1205,Paclitaxel,Midodrine
22,GCN-GAT-node2vec,DCC0323,DCC0108,Paclitaxel,Altretamine
22,GCN-GAT-node2vec,DCC0323,DCC0420,Paclitaxel,Tirapazamine
22,GCN-GAT-node2vec,DCC0323,DCC0360,Paclitaxel,"""2'-Deoxyinosine"""
22,GCN-GAT-node2vec,DCC0323,DCC0414,Paclitaxel,Mesna
22,GCN-GAT-node2vec,DCC0260,DCC1842,Hydrochlorothiazide,Pargyline
22,GCN-GAT-node2vec,DCC0260,DCC0314,Hydrochlorothiazide,Brinzolamide
22,GCN-GAT-node2vec,DCC0260,DCC0164,Hydrochlorothiazide,Latanoprost
22,GCN-GAT-node2vec,DCC0260,DCC0064,Hydrochlorothiazide,Diltiazem
22,GCN-GAT-node2vec,DCC0260,DCC0047,Hydrochlorothiazide,Chlorthalidone
22,GCN-GAT-node2vec,DCC0260,DCC0269,Hydrochlorothiazide,Felodipine
22,GCN-GAT-node2vec,DCC0260,DCC0250,Hydrochlorothiazide,Ezetimibe
22,GCN-GAT-node2vec,DCC0260,DCC1856,Hydrochlorothiazide,Trichlormethiazide
22,GCN-GAT-node2vec,DCC0260,DCC0700,Hydrochlorothiazide,Fimasartan
22,GCN-GAT-node2vec,DCC0323,DCC1245,Paclitaxel,Floxuridine
22,GCN-GAT-node2vec,DCC0323,DCC0620,Paclitaxel,Canfosfamide
22,GCN-GAT-node2vec,DCC0323,DCC0853,Paclitaxel,Linifanib
22,GCN-GAT-node2vec,DCC0260,DCC1363,Hydrochlorothiazide,Ibandronate
22,GCN-GAT-node2vec,DCC0260,DCC0565,Hydrochlorothiazide,Azelnidipine
22,GCN-GAT-node2vec,DCC0260,DCC1509,Hydrochlorothiazide,Carvedilol
22,GCN-GAT-node2vec,DCC0260,DCC0657,Hydrochlorothiazide,Lapaquistat
22,GCN-GAT-node2vec,DCC0260,DCC1191,Hydrochlorothiazide,Pravastatin
22,GCN-GAT-node2vec,DCC0156,DCC1140,Prednisone,Interferon
22,GCN-GAT-node2vec,DCC0057,DCC1433,Metformin,Ethacrynic
22,GCN-GAT-node2vec,DCC0057,DCC0101,Metformin,Chlordiazepoxide
22,GCN-GAT-node2vec,DCC0057,DCC0053,Metformin,Amitriptyline
22,GCN-GAT-node2vec,DCC0156,DCC1249,Prednisone,Pimecrolimus
22,GCN-GAT-node2vec,DCC0057,DCC0213,Metformin,Perphenazine
22,GCN-GAT-node2vec,DCC0285,DCC0102,Amoxicillin,Amikacin
22,GCN-GAT-node2vec,DCC0057,DCC1498,Metformin,Sertraline
22,GCN-GAT-node2vec,DCC0057,DCC0069,Metformin,Clozapine
22,GCN-GAT-node2vec,DCC0057,DCC0635,Metformin,Phenylbutyrate
22,GCN-GAT-node2vec,DCC0285,DCC0091,Amoxicillin,Ceftazidime
22,GCN-GAT-node2vec,DCC0057,DCC1824,Metformin,"Estrogens,"
22,GCN-GAT-node2vec,DCC0285,DCC0107,Amoxicillin,Pefloxacin
22,GCN-GAT-node2vec,DCC0156,DCC1161,Prednisone,Anti-thymocyte
22,GCN-GAT-node2vec,DCC0240,DCC0684,Aspirin,Zotarolimus
23,GAT-node2vec,DCC0414,DCC1140,Mesna,Interferon
24,SAGE-GCN-indication,DCC0233,DCC1436,Repaglinide,Zonisamide
24,SAGE-GCN-indication,DCC0233,DCC0741,Repaglinide,Lixisenatide
24,SAGE-GCN-indication,DCC0233,DCC0885,Repaglinide,Linagliptin
24,SAGE-GCN-indication,DCC0233,DCC1505,Repaglinide,Gliclazide
25,GCN-All,DCC0123,DCC0273,Cyclophosphamide,Mercaptopurine
25,GCN-All,DCC0123,DCC0122,Cyclophosphamide,Erlotinib
25,GCN-All,DCC0179,DCC0178,Lamivudine,Delavirdine
25,GCN-All,DCC0319,DCC0091,Ceftriaxone,Ceftazidime
25,GCN-All,DCC0319,DCC0083,Ceftriaxone,Ampicillin
25,GCN-All,DCC0123,DCC1707,Cyclophosphamide,Cabazitaxel
25,GCN-All,DCC0179,DCC1534,Lamivudine,Rifapentine
25,GCN-All,DCC0179,DCC0147,Lamivudine,Rifabutin
25,GCN-All,DCC0179,DCC0028,Lamivudine,Indinavir
25,GCN-All,DCC0057,DCC0174,Metformin,Furosemide
25,GCN-All,DCC0319,DCC1332,Ceftriaxone,Nafcillin
25,GCN-All,DCC0214,DCC0175,Pseudoephedrine,Ergotamine
25,GCN-All,DCC0214,DCC0113,Pseudoephedrine,Cimetidine
25,GCN-All,DCC0100,DCC1414,Fluoxetine,Donepezil
25,GCN-All,DCC0214,DCC1545,Pseudoephedrine,Metoclopramide
25,GCN-All,DCC0123,DCC1525,Cyclophosphamide,Idarubicin
25,GCN-All,DCC0123,DCC0301,Cyclophosphamide,Rabeprazole
25,GCN-All,DCC0123,DCC0104,Cyclophosphamide,Raloxifene
25,GCN-All,DCC0123,DCC0311,Cyclophosphamide,Ifosfamide
25,GCN-All,DCC0123,DCC1443,Cyclophosphamide,Azacitidine
25,GCN-All,DCC0123,DCC0186,Cyclophosphamide,Tretinoin
25,GCN-All,DCC0123,DCC0046,Cyclophosphamide,Mitomycin
25,GCN-All,DCC0123,DCC0361,Cyclophosphamide,Vorinostat
25,GCN-All,DCC0123,DCC0330,Cyclophosphamide,Dasatinib
25,GCN-All,DCC0123,DCC0079,Cyclophosphamide,Sorafenib
25,GCN-All,DCC0123,DCC0336,Cyclophosphamide,Sunitinib
26,GCN-GAT-word2vec,DCC0117,DCC1122,Cisplatin,Anakinra
26,GCN-GAT-word2vec,DCC0117,DCC1443,Cisplatin,Azacitidine
26,GCN-GAT-word2vec,DCC0260,DCC0292,Hydrochlorothiazide,Streptomycin
26,GCN-GAT-word2vec,DCC0117,DCC0191,Cisplatin,Etoposide
26,GCN-GAT-word2vec,DCC0117,DCC1461,Cisplatin,Isotretinoin
26,GCN-GAT-word2vec,DCC0117,DCC1657,Cisplatin,Vandetanib
26,GCN-GAT-word2vec,DCC0260,DCC1856,Hydrochlorothiazide,Trichlormethiazide
26,GCN-GAT-word2vec,DCC0260,DCC1846,Hydrochlorothiazide,Polythiazide
26,GCN-GAT-word2vec,DCC0260,DCC1191,Hydrochlorothiazide,Pravastatin
26,GCN-GAT-word2vec,DCC0260,DCC1386,Hydrochlorothiazide,Etodolac
26,GCN-GAT-word2vec,DCC0117,DCC0717,Cisplatin,Romiplostim
26,GCN-GAT-word2vec,DCC0117,DCC1649,Cisplatin,Defibrotide
26,GCN-GAT-word2vec,DCC0260,DCC1285,Hydrochlorothiazide,Prazosin
26,GCN-GAT-word2vec,DCC0260,DCC1830,Hydrochlorothiazide,Hydroflumethiazide
26,GCN-GAT-word2vec,DCC0117,DCC0004,Cisplatin,Asparaginase
26,GCN-GAT-word2vec,DCC0260,DCC0121,Hydrochlorothiazide,Lercanidipine
26,GCN-GAT-word2vec,DCC0117,DCC0429,Cisplatin,Afatinib
26,GCN-GAT-word2vec,DCC0117,DCC0307,Cisplatin,Trimetrexate
26,GCN-GAT-word2vec,DCC0117,DCC0104,Cisplatin,Raloxifene
26,GCN-GAT-word2vec,DCC0117,DCC0277,Cisplatin,Thalidomide
26,GCN-GAT-word2vec,DCC0117,DCC0332,Cisplatin,Lapatinib
26,GCN-GAT-word2vec,DCC0117,DCC1525,Cisplatin,Idarubicin
26,GCN-GAT-word2vec,DCC0117,DCC0080,Cisplatin,Zoledronate
26,GCN-GAT-word2vec,DCC0117,DCC1164,Cisplatin,Octreotide
26,GCN-GAT-word2vec,DCC0117,DCC0046,Cisplatin,Mitomycin
26,GCN-GAT-word2vec,DCC0260,DCC0119,Hydrochlorothiazide,Trandolapril
26,GCN-GAT-word2vec,DCC0260,DCC0047,Hydrochlorothiazide,Chlorthalidone
26,GCN-GAT-word2vec,DCC0260,DCC0165,Hydrochlorothiazide,Verapamil
26,GCN-GAT-word2vec,DCC0117,DCC0088,Cisplatin,Trifluridine
26,GCN-GAT-word2vec,DCC0260,DCC0317,Hydrochlorothiazide,Nadolol
26,GCN-GAT-word2vec,DCC0117,DCC0336,Cisplatin,Sunitinib
26,GCN-GAT-word2vec,DCC0260,DCC0090,Hydrochlorothiazide,Bendroflumethiazide
26,GCN-GAT-word2vec,DCC0117,DCC0079,Cisplatin,Sorafenib
26,GCN-GAT-word2vec,DCC0117,DCC0355,Cisplatin,Genistein
26,GCN-GAT-word2vec,DCC0117,DCC0180,Cisplatin,Norethindrone
26,GCN-GAT-word2vec,DCC0117,DCC1245,Cisplatin,Floxuridine
26,GCN-GAT-word2vec,DCC0214,DCC0237,Pseudoephedrine,Famotidine
26,GCN-GAT-word2vec,DCC0117,DCC1321,Cisplatin,Vinblastine
26,GCN-GAT-word2vec,DCC0117,DCC1688,Cisplatin,Axitinib
26,GCN-GAT-word2vec,DCC0117,DCC1624,Cisplatin,Uracil
26,GCN-GAT-word2vec,DCC0319,DCC1332,Ceftriaxone,Nafcillin
26,GCN-GAT-word2vec,DCC0319,DCC1661,Ceftriaxone,Teicoplanin
26,GCN-GAT-word2vec,DCC0179,DCC0764,Lamivudine,Boceprevir
26,GCN-GAT-word2vec,DCC0117,DCC1162,Cisplatin,Filgrastim
26,GCN-GAT-word2vec,DCC0117,DCC1537,Cisplatin,Lomustine
26,GCN-GAT-word2vec,DCC0179,DCC1726,Lamivudine,Pitavastatin
26,GCN-GAT-word2vec,DCC0319,DCC0350,Ceftriaxone,Imipenem
26,GCN-GAT-word2vec,DCC0319,DCC0200,Ceftriaxone,Colistin
26,GCN-GAT-word2vec,DCC0179,DCC0028,Lamivudine,Indinavir
26,GCN-GAT-word2vec,DCC0260,DCC1814,Hydrochlorothiazide,Chlorothiazide
26,GCN-GAT-word2vec,DCC0179,DCC0212,Lamivudine,Clofazimine
26,GCN-GAT-word2vec,DCC0319,DCC0199,Ceftriaxone,Gentamicin
26,GCN-GAT-word2vec,DCC0179,DCC0366,Lamivudine,Eucalyptol
26,GCN-GAT-word2vec,DCC0319,DCC1246,Ceftriaxone,Fluorometholone
27,SAGE-node2vec,DCC1693,DCC1161,Belatacept,Anti-thymocyte
27,SAGE-node2vec,DCC1693,DCC0011,Belatacept,Cyclosporine
27,SAGE-node2vec,DCC0443,DCC0368,Pipemidic,Clioquinol
27,SAGE-node2vec,DCC0175,DCC0055,Ergotamine,Indomethacin
27,SAGE-node2vec,DCC0363,DCC0273,17-DMAG,Mercaptopurine
27,SAGE-node2vec,DCC1474,DCC1728,Clobetasol,Brentuximab
28,GAT-drug_finger,-,-,-,-
29,GAT-SAGE-drug_target,DCC1218,DCC1548,Ziprasidone,Clomipramine
29,GAT-SAGE-drug_target,DCC1218,DCC1436,Ziprasidone,Zonisamide
29,GAT-SAGE-drug_target,DCC1218,DCC1021,Ziprasidone,Tropisetron
29,GAT-SAGE-drug_target,DCC1218,DCC0141,Ziprasidone,Ethosuximide
29,GAT-SAGE-drug_target,DCC1218,DCC0100,Ziprasidone,Fluoxetine
30,GAT-indication,DCC1280,DCC0198,Entecavir,Candesartan
30,GAT-indication,DCC1368,DCC0084,Adefovir,Penicillin
30,GAT-indication,DCC1368,DCC0198,Adefovir,Candesartan
30,GAT-indication,DCC1280,DCC0242,Entecavir,Isoniazid
30,GAT-indication,DCC1368,DCC0242,Adefovir,Isoniazid
30,GAT-indication,DCC1280,DCC0084,Entecavir,Penicillin
30,GAT-indication,DCC1280,DCC0088,Entecavir,Trifluridine
30,GAT-indication,DCC1368,DCC1509,Adefovir,Carvedilol
30,GAT-indication,DCC1368,DCC0170,Adefovir,Amphotericin
30,GAT-indication,DCC1280,DCC0133,Entecavir,Cephalexin
30,GAT-indication,DCC1368,DCC0068,Adefovir,Anidulafungin
30,GAT-indication,DCC1368,DCC1437,Adefovir,Paricalcitol
30,GAT-indication,DCC1368,DCC1380,Adefovir,Riluzole
30,GAT-indication,DCC1280,DCC0253,Entecavir,Lomefloxacin
30,GAT-indication,DCC1368,DCC1641,Adefovir,Nebivolol
30,GAT-indication,DCC1368,DCC1422,Adefovir,Terbutaline
30,GAT-indication,DCC1280,DCC0309,Entecavir,Kanamycin
30,GAT-indication,DCC1368,DCC0850,Adefovir,Bisacodyl
30,GAT-indication,DCC1280,DCC1658,Entecavir,Telaprevir
30,GAT-indication,DCC1280,DCC0047,Entecavir,Chlorthalidone
30,GAT-indication,DCC1280,DCC1282,Entecavir,Droperidol
30,GAT-indication,DCC1280,DCC0269,Entecavir,Felodipine
30,GAT-indication,DCC1280,DCC1552,Entecavir,Darunavir
30,GAT-indication,DCC1280,DCC1380,Entecavir,Riluzole
30,GAT-indication,DCC1280,DCC0834,Entecavir,Triptorelin
30,GAT-indication,DCC1280,DCC1328,Entecavir,Labetalol
30,GAT-indication,DCC1280,DCC1273,Entecavir,Methylphenidate
30,GAT-indication,DCC1280,DCC0908,Entecavir,Medroxyprogeterone
30,GAT-indication,DCC1368,DCC0133,Adefovir,Cephalexin
30,GAT-indication,DCC1280,DCC0494,Entecavir,Cobicistat
30,GAT-indication,DCC1368,DCC0309,Adefovir,Kanamycin
30,GAT-indication,DCC1368,DCC0197,Adefovir,Perindopril
30,GAT-indication,DCC1280,DCC0068,Entecavir,Anidulafungin
30,GAT-indication,DCC1280,DCC1414,Entecavir,Donepezil
30,GAT-indication,DCC1280,DCC0362,Entecavir,Fusidic
30,GAT-indication,DCC1280,DCC0331,Entecavir,Aliskiren
30,GAT-indication,DCC1280,DCC0022,Entecavir,Sildenafil
30,GAT-indication,DCC1280,DCC0169,Entecavir,Losartan
30,GAT-indication,DCC1280,DCC0134,Entecavir,Propranolol
30,GAT-indication,DCC1368,DCC1356,Adefovir,Phentolamine
30,GAT-indication,DCC1368,DCC0114,Adefovir,Ritonavir
30,GAT-indication,DCC1368,DCC0324,Adefovir,Saquinavir
30,GAT-indication,DCC1368,DCC0178,Adefovir,Delavirdine
30,GAT-indication,DCC1368,DCC0111,Adefovir,Zidovudine
30,GAT-indication,DCC1280,DCC0114,Entecavir,Ritonavir
30,GAT-indication,DCC1280,DCC0324,Entecavir,Saquinavir
30,GAT-indication,DCC1368,DCC1686,Adefovir,Apixaban
30,GAT-indication,DCC1368,DCC1273,Adefovir,Methylphenidate
30,GAT-indication,DCC1368,DCC1282,Adefovir,Droperidol
30,GAT-indication,DCC1368,DCC1407,Adefovir,Tadalafil
30,GAT-indication,DCC1368,DCC1523,Adefovir,Moclobemide
30,GAT-indication,DCC1280,DCC1412,Entecavir,Dobutamine
30,GAT-indication,DCC1368,DCC0028,Adefovir,Indinavir
30,GAT-indication,DCC1368,DCC1197,Adefovir,Lorazepam
30,GAT-indication,DCC1280,DCC1437,Entecavir,Paricalcitol
30,GAT-indication,DCC1368,DCC0362,Adefovir,Fusidic
30,GAT-indication,DCC1368,DCC1542,Adefovir,Enoxaparin
30,GAT-indication,DCC1368,DCC1414,Adefovir,Donepezil
30,GAT-indication,DCC1280,DCC0850,Entecavir,Bisacodyl
30,GAT-indication,DCC1368,DCC0194,Adefovir,Estradiol
30,GAT-indication,DCC1368,DCC0134,Adefovir,Propranolol
30,GAT-indication,DCC1368,DCC1200,Adefovir,Fluconazole
30,GAT-indication,DCC1368,DCC0315,Adefovir,Captopril
30,GAT-indication,DCC1280,DCC1422,Entecavir,Terbutaline
30,GAT-indication,DCC1368,DCC1508,Adefovir,Bicalutamide
30,GAT-indication,DCC1368,DCC0269,Adefovir,Felodipine
30,GAT-indication,DCC1368,DCC0047,Adefovir,Chlorthalidone
30,GAT-indication,DCC1368,DCC1412,Adefovir,Dobutamine
30,GAT-indication,DCC1368,DCC1658,Adefovir,Telaprevir
30,GAT-indication,DCC1368,DCC0331,Adefovir,Aliskiren
30,GAT-indication,DCC1368,DCC1328,Adefovir,Labetalol
30,GAT-indication,DCC1280,DCC1509,Entecavir,Carvedilol
30,GAT-indication,DCC1368,DCC0022,Adefovir,Sildenafil
30,GAT-indication,DCC1368,DCC1552,Adefovir,Darunavir
30,GAT-indication,DCC1368,DCC1559,Adefovir,Arformoterol
30,GAT-indication,DCC1368,DCC1097,Adefovir,Estradiol
30,GAT-indication,DCC1368,DCC0836,Adefovir,Testosterone
30,GAT-indication,DCC1368,DCC0253,Adefovir,Lomefloxacin
30,GAT-indication,DCC1368,DCC0088,Adefovir,Trifluridine
30,GAT-indication,DCC1368,DCC0908,Adefovir,Medroxyprogeterone
30,GAT-indication,DCC1368,DCC0132,Adefovir,Carbamazepine
30,GAT-indication,DCC1368,DCC0494,Adefovir,Cobicistat
31,GCN-node2vec,DCC0260,DCC1502,Hydrochlorothiazide,Nifedipine
31,GCN-node2vec,DCC0184,DCC1827,Hydrocortisone,Fibrinolysin
31,GCN-node2vec,DCC0260,DCC0197,Hydrochlorothiazide,Perindopril
31,GCN-node2vec,DCC0260,DCC0201,Hydrochlorothiazide,Indapamide
31,GCN-node2vec,DCC0260,DCC0219,Hydrochlorothiazide,Dorzolamide
31,GCN-node2vec,DCC0260,DCC0064,Hydrochlorothiazide,Diltiazem
31,GCN-node2vec,DCC0260,DCC1838,Hydrochlorothiazide,Methyclothiazide
31,GCN-node2vec,DCC0260,DCC1856,Hydrochlorothiazide,Trichlormethiazide
31,GCN-node2vec,DCC0260,DCC1733,Hydrochlorothiazide,Teriflunomide
31,GCN-node2vec,DCC0260,DCC0227,Hydrochlorothiazide,Isosorbide
31,GCN-node2vec,DCC0260,DCC0269,Hydrochlorothiazide,Felodipine
31,GCN-node2vec,DCC0260,DCC1374,Hydrochlorothiazide,Nateglinide
31,GCN-node2vec,DCC0057,DCC1824,Metformin,"Estrogens,"
31,GCN-node2vec,DCC0057,DCC1207,Metformin,Citalopram
31,GCN-node2vec,DCC0057,DCC1423,Metformin,Conivaptan
31,GCN-node2vec,DCC0057,DCC1433,Metformin,Ethacrynic
31,GCN-node2vec,DCC0117,DCC0384,Cisplatin,L744832
31,GCN-node2vec,DCC0117,DCC0330,Cisplatin,Dasatinib
31,GCN-node2vec,DCC0117,DCC0457,Cisplatin,Sorivudine
31,GCN-node2vec,DCC0117,DCC0412,Cisplatin,Lonafarnib
31,GCN-node2vec,DCC0285,DCC1010,Amoxicillin,Bismuth
31,GCN-node2vec,DCC0057,DCC0421,Metformin,Vildagliptin
31,GCN-node2vec,DCC0285,DCC1684,Amoxicillin,Ceftaroline
31,GCN-node2vec,DCC0057,DCC0101,Metformin,Chlordiazepoxide
31,GCN-node2vec,DCC0184,DCC0443,Hydrocortisone,Pipemidic
31,GCN-node2vec,DCC0260,DCC1386,Hydrochlorothiazide,Etodolac
31,GCN-node2vec,DCC0179,DCC0903,Lamivudine,Elvitegravir
31,GCN-node2vec,DCC0179,DCC0494,Lamivudine,Cobicistat
31,GCN-node2vec,DCC0179,DCC0366,Lamivudine,Eucalyptol
31,GCN-node2vec,DCC0179,DCC0342,Lamivudine,Colchicine
31,GCN-node2vec,DCC0179,DCC0407,Lamivudine,PA-824
31,GCN-node2vec,DCC0179,DCC0147,Lamivudine,Rifabutin
31,GCN-node2vec,DCC0179,DCC1534,Lamivudine,Rifapentine
31,GCN-node2vec,DCC0179,DCC0144,Lamivudine,Linezolid
31,GCN-node2vec,DCC0179,DCC0432,Lamivudine,Beta-lapachone
31,GCN-node2vec,DCC0179,DCC1552,Lamivudine,Darunavir
31,GCN-node2vec,DCC0166,DCC0373,Epinephrine,Levonordefrin
31,GCN-node2vec,DCC0179,DCC1726,Lamivudine,Pitavastatin
31,GCN-node2vec,DCC0464,DCC0769,Artesunate,Piperaquine
31,GCN-node2vec,DCC0179,DCC0178,Lamivudine,Delavirdine
31,GCN-node2vec,DCC0252,DCC1841,Ethinyl,Norethynodrel
31,GCN-node2vec,DCC0252,DCC0834,Ethinyl,Triptorelin
31,GCN-node2vec,DCC0252,DCC0603,Ethinyl,Follitropin
31,GCN-node2vec,DCC0252,DCC0194,Ethinyl,Estradiol
31,GCN-node2vec,DCC0260,DCC1509,Hydrochlorothiazide,Carvedilol
31,GCN-node2vec,DCC0285,DCC0353,Amoxicillin,Ticarcillin
31,GCN-node2vec,DCC0260,DCC1641,Hydrochlorothiazide,Nebivolol
31,GCN-node2vec,DCC0252,DCC0552,Ethinyl,Conjugated
31,GCN-node2vec,DCC0100,DCC1380,Fluoxetine,Riluzole
31,GCN-node2vec,DCC0166,DCC1614,Epinephrine,Terlipressin
31,GCN-node2vec,DCC0139,DCC0590,Fluticasone,Tetracaine
31,GCN-node2vec,DCC0214,DCC1545,Pseudoephedrine,Metoclopramide
31,GCN-node2vec,DCC0285,DCC0338,Amoxicillin,Bismuth
31,GCN-node2vec,DCC0117,DCC0620,Cisplatin,Canfosfamide
31,GCN-node2vec,DCC0117,DCC0410,Cisplatin,Tipifarnib
31,GCN-node2vec,DCC0117,DCC1417,Cisplatin,Dacarbazine
31,GCN-node2vec,DCC0117,DCC1657,Cisplatin,Vandetanib
31,GCN-node2vec,DCC0117,DCC0904,Cisplatin,Neratinib
31,GCN-node2vec,DCC0117,DCC0634,Cisplatin,Enzastaurin
31,GCN-node2vec,DCC0117,DCC1639,Cisplatin,Ixabepilone
31,GCN-node2vec,DCC0285,DCC0220,Amoxicillin,Loteprednol
31,GCN-node2vec,DCC0214,DCC0182,Pseudoephedrine,Homatropine
31,GCN-node2vec,DCC0117,DCC0046,Cisplatin,Mitomycin
31,GCN-node2vec,DCC0214,DCC0347,Pseudoephedrine,Methamphetamine
31,GCN-node2vec,DCC0214,DCC0287,Pseudoephedrine,Promethazine
31,GCN-node2vec,DCC0214,DCC0254,Pseudoephedrine,Cyclopentolate
31,GCN-node2vec,DCC0117,DCC0956,Cisplatin,Obatoclax
31,GCN-node2vec,DCC0117,DCC1321,Cisplatin,Vinblastine
31,GCN-node2vec,DCC0117,DCC1681,Cisplatin,Pertuzumab
32,GAT-SAGE-All,-,-,-,-
33,SAGE-GCN-drug_target,DCC0260,DCC1722,Hydrochlorothiazide,Azilsartan
33,SAGE-GCN-drug_target,DCC0260,DCC1811,Hydrochlorothiazide,Betaxolol
33,SAGE-GCN-drug_target,DCC0260,DCC0047,Hydrochlorothiazide,Chlorthalidone
33,SAGE-GCN-drug_target,DCC0260,DCC0092,Hydrochlorothiazide,Cerivastatin
33,SAGE-GCN-drug_target,DCC0260,DCC0054,Hydrochlorothiazide,Nitroprusside
33,SAGE-GCN-drug_target,DCC0260,DCC0300,Hydrochlorothiazide,Diazoxide
33,SAGE-GCN-drug_target,DCC0123,DCC0630,Cyclophosphamide,Zosuquidar
34,SAGE-GCN-word2vec,DCC0260,DCC0047,Hydrochlorothiazide,Chlorthalidone
34,SAGE-GCN-word2vec,DCC0123,DCC0004,Cyclophosphamide,Asparaginase
34,SAGE-GCN-word2vec,DCC1719,DCC0251,Ticagrelor,Dipyridamole
34,SAGE-GCN-word2vec,DCC0123,DCC1737,Cyclophosphamide,Carfilzomib
34,SAGE-GCN-word2vec,DCC0123,DCC1443,Cyclophosphamide,Azacitidine
35,GCN-GAT-indication,DCC0156,DCC0257,Prednisone,Neomycin
35,GCN-GAT-indication,DCC0179,DCC0203,Lamivudine,Ribavirin
35,GCN-GAT-indication,DCC0123,DCC0148,Cyclophosphamide,Imatinib
35,GCN-GAT-indication,DCC0123,DCC0264,Cyclophosphamide,Letrozole
35,GCN-GAT-indication,DCC0123,DCC0050,Cyclophosphamide,Gefitinib
35,GCN-GAT-indication,DCC0123,DCC0215,Cyclophosphamide,Temozolomide
35,GCN-GAT-indication,DCC0156,DCC1702,Prednisone,Fosaprepitant
35,GCN-GAT-indication,DCC0156,DCC1434,Prednisone,Ondansetron
35,GCN-GAT-indication,DCC0123,DCC0532,Cyclophosphamide,Trientine
35,GCN-GAT-indication,DCC0022,DCC1105,Sildenafil,Somatokine
35,GCN-GAT-indication,DCC0100,DCC1515,Fluoxetine,Desipramine
35,GCN-GAT-indication,DCC0100,DCC1367,Fluoxetine,Paroxetine
35,GCN-GAT-indication,DCC0179,DCC0764,Lamivudine,Boceprevir
35,GCN-GAT-indication,DCC0179,DCC1302,Lamivudine,Nitazoxanide
35,GCN-GAT-indication,DCC0156,DCC0149,Prednisone,Triamcinolone
35,GCN-GAT-indication,DCC0100,DCC1488,Fluoxetine,Clonazepam
35,GCN-GAT-indication,DCC0179,DCC0170,Lamivudine,Amphotericin
35,GCN-GAT-indication,DCC0100,DCC1252,Fluoxetine,Clobazam
35,GCN-GAT-indication,DCC0319,DCC1332,Ceftriaxone,Nafcillin
35,GCN-GAT-indication,DCC0057,DCC0421,Metformin,Vildagliptin
35,GCN-GAT-indication,DCC0156,DCC0140,Prednisone,Fluocinolone
35,GCN-GAT-indication,DCC0156,DCC0159,Prednisone,Nystatin
36,GAT-SAGE-indication,DCC1280,DCC1658,Entecavir,Telaprevir
36,GAT-SAGE-indication,DCC1368,DCC1658,Adefovir,Telaprevir
36,GAT-SAGE-indication,DCC1368,DCC1552,Adefovir,Darunavir
36,GAT-SAGE-indication,DCC1368,DCC1489,Adefovir,Atazanavir
36,GAT-SAGE-indication,DCC1368,DCC1534,Adefovir,Rifapentine
36,GAT-SAGE-indication,DCC1368,DCC0281,Adefovir,Abacavir
36,GAT-SAGE-indication,DCC1280,DCC1552,Entecavir,Darunavir
36,GAT-SAGE-indication,DCC1368,DCC0170,Adefovir,Amphotericin
36,GAT-SAGE-indication,DCC1280,DCC1200,Entecavir,Fluconazole
36,GAT-SAGE-indication,DCC1280,DCC0225,Entecavir,Emtricitabine
36,GAT-SAGE-indication,DCC1280,DCC0068,Entecavir,Anidulafungin
36,GAT-SAGE-indication,DCC1280,DCC0170,Entecavir,Amphotericin
36,GAT-SAGE-indication,DCC1280,DCC0281,Entecavir,Abacavir
36,GAT-SAGE-indication,DCC1280,DCC1521,Entecavir,Itraconazole
36,GAT-SAGE-indication,DCC1368,DCC0111,Adefovir,Zidovudine
36,GAT-SAGE-indication,DCC1280,DCC1534,Entecavir,Rifapentine
36,GAT-SAGE-indication,DCC1280,DCC0111,Entecavir,Zidovudine
36,GAT-SAGE-indication,DCC1368,DCC0114,Adefovir,Ritonavir
37,GAT-SAGE-side_effec,DCC0315,DCC0198,Captopril,Candesartan
37,GAT-SAGE-side_effec,DCC1552,DCC0161,Darunavir,Stavudine
37,GAT-SAGE-side_effec,DCC1552,DCC0335,Darunavir,Posaconazole
37,GAT-SAGE-side_effec,DCC1552,DCC0228,Darunavir,Didanosine
37,GAT-SAGE-side_effec,DCC1552,DCC1200,Darunavir,Fluconazole
37,GAT-SAGE-side_effec,DCC1552,DCC0144,Darunavir,Linezolid
37,GAT-SAGE-side_effec,DCC1552,DCC1534,Darunavir,Rifapentine
37,GAT-SAGE-side_effec,DCC1552,DCC0062,Darunavir,Pyrazinamide
37,GAT-SAGE-side_effec,DCC1552,DCC0281,Darunavir,Abacavir
37,GAT-SAGE-side_effec,DCC0315,DCC0092,Captopril,Cerivastatin
37,GAT-SAGE-side_effec,DCC0315,DCC0328,Captopril,Gemfibrozil
37,GAT-SAGE-side_effec,DCC0315,DCC0015,Captopril,Ramipril
37,GAT-SAGE-side_effec,DCC1552,DCC0225,Darunavir,Emtricitabine
37,GAT-SAGE-side_effec,DCC1552,DCC0111,Darunavir,Zidovudine
37,GAT-SAGE-side_effec,DCC1552,DCC0030,Darunavir,Nevirapine
37,GAT-SAGE-side_effec,DCC1552,DCC0324,Darunavir,Saquinavir
37,GAT-SAGE-side_effec,DCC0315,DCC0029,Captopril,Lovastatin
37,GAT-SAGE-side_effec,DCC0315,DCC1455,Captopril,Pindolol
37,GAT-SAGE-side_effec,DCC0315,DCC0014,Captopril,Valsartan
37,GAT-SAGE-side_effec,DCC0315,DCC0269,Captopril,Felodipine
37,GAT-SAGE-side_effec,DCC0315,DCC0612,Captopril,Benzathine
37,GAT-SAGE-side_effec,DCC0315,DCC1641,Captopril,Nebivolol
38,GAT-side_effec,DCC1552,DCC0028,Darunavir,Indinavir
38,GAT-side_effec,DCC1552,DCC1658,Darunavir,Telaprevir
38,GAT-side_effec,DCC1552,DCC1534,Darunavir,Rifapentine
38,GAT-side_effec,DCC1552,DCC0228,Darunavir,Didanosine
38,GAT-side_effec,DCC1552,DCC0179,Darunavir,Lamivudine
38,GAT-side_effec,DCC1552,DCC0030,Darunavir,Nevirapine
38,GAT-side_effec,DCC1552,DCC0324,Darunavir,Saquinavir
38,GAT-side_effec,DCC1552,DCC0150,Darunavir,Efavirenz
38,GAT-side_effec,DCC0347,DCC1486,Methamphetamine,Isoproterenol
39,GAT-SAGE-drug_finger,-,-,-,-
40,GAT-All,DCC0347,DCC0098,Methamphetamine,Loratadine
40,GAT-All,DCC1552,DCC1658,Darunavir,Telaprevir
41,GAT-SAGE-node2vec,DCC1461,DCC0153,Isotretinoin,Clofarabine
41,GAT-SAGE-node2vec,DCC1461,DCC0016,Isotretinoin,Bortezomib
41,GAT-SAGE-node2vec,DCC1461,DCC0256,Isotretinoin,Cytarabine
41,GAT-SAGE-node2vec,DCC1461,DCC0456,Isotretinoin,Tanespimycin
41,GAT-SAGE-node2vec,DCC1461,DCC0191,Isotretinoin,Etoposide
41,GAT-SAGE-node2vec,DCC1461,DCC0009,Isotretinoin,Rituximab
41,GAT-SAGE-node2vec,DCC1461,DCC1710,Isotretinoin,Plerixafor
41,GAT-SAGE-node2vec,DCC1461,DCC1106,Isotretinoin,Ofatumumab
41,GAT-SAGE-node2vec,DCC1461,DCC1535,Isotretinoin,Mitoxantrone
41,GAT-SAGE-node2vec,DCC1461,DCC0630,Isotretinoin,Zosuquidar
41,GAT-SAGE-node2vec,DCC1461,DCC1138,Isotretinoin,Gemtuzumab
41,GAT-SAGE-node2vec,DCC1461,DCC1017,Isotretinoin,SCH
41,GAT-SAGE-node2vec,DCC1461,DCC0640,Isotretinoin,Ibritumomab
41,GAT-SAGE-node2vec,DCC1461,DCC1692,Isotretinoin,Golimumab
41,GAT-SAGE-node2vec,DCC1461,DCC1471,Isotretinoin,Busulfan
41,GAT-SAGE-node2vec,DCC0344,DCC0547,Cefepime,Avibactam
41,GAT-SAGE-node2vec,DCC0903,DCC0179,Elvitegravir,Lamivudine
41,GAT-SAGE-node2vec,DCC0903,DCC0324,Elvitegravir,Saquinavir
41,GAT-SAGE-node2vec,DCC0903,DCC0114,Elvitegravir,Ritonavir
41,GAT-SAGE-node2vec,DCC1461,DCC0186,Isotretinoin,Tretinoin
41,GAT-SAGE-node2vec,DCC1461,DCC0380,Isotretinoin,U0126
41,GAT-SAGE-node2vec,DCC1461,DCC0156,Isotretinoin,Prednisone
41,GAT-SAGE-node2vec,DCC1461,DCC1836,Isotretinoin,Mequinol
41,GAT-SAGE-node2vec,DCC1461,DCC0026,Isotretinoin,Pantoprazole
41,GAT-SAGE-node2vec,DCC1461,DCC0301,Isotretinoin,Rabeprazole
41,GAT-SAGE-node2vec,DCC1461,DCC1525,Isotretinoin,Idarubicin
41,GAT-SAGE-node2vec,DCC1461,DCC0131,Isotretinoin,Methotrexate
41,GAT-SAGE-node2vec,DCC1461,DCC1396,Isotretinoin,Tirofiban
41,GAT-SAGE-node2vec,DCC0344,DCC0235,Cefepime,Metronidazole
41,GAT-SAGE-node2vec,DCC0344,DCC0052,Cefepime,Piperacillin
41,GAT-SAGE-node2vec,DCC0344,DCC0352,Cefepime,Tazobactam
41,GAT-SAGE-node2vec,DCC0903,DCC1445,Elvitegravir,Tipranavir
41,GAT-SAGE-node2vec,DCC0903,DCC0802,Elvitegravir,Raltegravir
41,GAT-SAGE-node2vec,DCC0344,DCC1240,Cefepime,Ertapenem
41,GAT-SAGE-node2vec,DCC0903,DCC1489,Elvitegravir,Atazanavir
41,GAT-SAGE-node2vec,DCC0344,DCC1453,Cefepime,Netilmicin
41,GAT-SAGE-node2vec,DCC0344,DCC0220,Cefepime,Loteprednol
41,GAT-SAGE-node2vec,DCC0903,DCC1726,Elvitegravir,Pitavastatin
41,GAT-SAGE-node2vec,DCC0903,DCC1552,Elvitegravir,Darunavir
41,GAT-SAGE-node2vec,DCC0344,DCC1297,Cefepime,Cefotaxime
41,GAT-SAGE-node2vec,DCC0903,DCC0228,Elvitegravir,Didanosine
